star_id,star_name,teff_k,mass_solar,radius_solar,metallicity_fe_h,distance_pc,ra_deg,dec_deg,num_planets
1,2MASS J02192210-3925225,3064.0,0.108,0.281,,,34.8427046,-39.4230767,1
2,55 Cnc,5172.0,0.905,0.943,0.35,12.5855,133.1468373,28.3298154,7
3,BD+60 1417,4993.0,1.0,0.797,,44.9543,190.8875453,60.0143636,1
4,BD-14 3065 A,6935.0,1.41,2.35,-0.34,589.423,153.6696689,-15.6428372,1
5,CFHTWIR-Oph 98 A,2320.0,0.0147,0.245,,,246.934277,-23.98115,1
6,CT Cha,,,,,190.72,166.0375038,-76.4553693,1
7,CoRoT-1,5950.0,0.95,1.11,-0.3,787.909,102.0798591,-3.1021394,1
8,CoRoT-10,5075.0,0.89,0.79,0.26,338.386,291.0636813,0.7460143,1
9,CoRoT-11,6440.0,1.27,1.37,-0.03,655.037,280.6872998,5.9376586,1
10,CoRoT-12,5675.0,1.078,1.116,0.16,1126.37,100.7656871,-1.2964437,1
11,CoRoT-13,5945.0,1.09,1.01,0.01,1148.93,102.7211432,-5.0864557,1
12,CoRoT-14,6035.0,1.13,1.21,0.05,1744.6,103.4242023,-5.5360385,1
13,CoRoT-16,5650.0,1.098,1.19,0.19,732.409,278.5246658,-6.0026026,1
14,CoRoT-17,5740.0,1.04,1.59,0.0,1176.12,278.699236,-6.612288,1
15,CoRoT-18,5440.0,0.95,1.0,-0.1,764.889,98.1724172,-0.0316045,1
16,CoRoT-19,6090.0,1.21,1.65,-0.02,790.663,97.0335983,-0.1707293,1
17,CoRoT-2,5625.0,0.96,0.906,,213.283,291.7770457,1.3836634,1
18,CoRoT-21,6200.0,1.29,1.95,0.0,,101.0526207,-0.2991544,1
19,CoRoT-22,5939.0,1.099,1.136,0.17,627.158,280.6671392,6.2191669,1
20,CoRoT-23,5900.0,1.14,1.61,0.05,1060.97,279.7826586,4.3577516,1
21,CoRoT-24,4950.0,0.91,0.86,0.3,591.555,101.922543,-3.7192892,2
22,CoRoT-25,6040.0,1.09,1.19,-0.01,1103.48,280.6296561,6.5138223,1
23,CoRoT-26,5590.0,1.09,1.79,0.01,1045.18,279.7504991,6.9697828,1
24,CoRoT-27,5900.0,1.05,1.08,-0.1,1010.28,278.4958319,5.5383811,1
25,CoRoT-28,5150.0,1.01,1.78,0.15,766.183,278.6883216,5.5736911,1
26,CoRoT-29,5260.0,0.97,0.9,0.2,806.507,278.9020691,6.4795703,1
27,CoRoT-30,5650.0,0.98,0.91,0.02,1032.23,277.6011767,6.8359338,1
28,CoRoT-31,5700.0,1.25,2.15,0.0,2005.76,94.820735,-4.4222978,1
29,CoRoT-32,5970.0,1.08,0.79,0.0,576.683,100.1951714,9.2573953,1
30,CoRoT-35,6390.0,1.01,1.65,-0.5,1123.21,289.3143526,-2.7747085,1
31,CoRoT-36,6730.0,1.32,1.52,-0.1,925.958,277.7510149,7.1833465,1
32,CoRoT-4,6190.0,1.16,1.17,,726.412,102.1946233,-0.6727861,1
33,CoRoT-5,6100.0,1.0,1.186,-0.25,882.472,101.2772396,0.8152163,1
34,CoRoT-6,6090.0,1.05,1.025,-0.2,645.294,281.0725563,6.6632062,1
35,CoRoT-8,5080.0,0.88,0.77,0.3,322.037,291.5885696,1.4262972,1
36,CoRoT-9,5625.0,0.96,0.96,-0.01,412.98,280.7866461,6.2040783,1
37,EPIC 201595106,5679.0,0.958,0.98,0.01,232.1,183.7203635,1.9681688,2
38,EPIC 220674823,5578.0,0.913,0.99,-0.005,244.59,13.0800239,10.7947051,2
39,EPIC 229004835,5868.0,0.97,0.999,-0.12,121.971,186.4860415,-1.4047214,1
40,EPIC 246851721,6202.0,1.317,1.586,0.141,372.632,78.9198197,16.2786991,1
41,EPIC 248847494,4898.0,0.9,2.7,-0.23,551.886,159.3890808,11.8427484,1
42,EPIC 249893012,5430.0,1.05,1.71,0.2,321.296,228.2482353,-16.7246474,3
43,G 9-40,3395.0,0.2952,0.3026,-0.07,27.9276,134.7188514,21.0747961,1
44,GJ 1132,3229.0,0.1945,0.2211,-0.17,12.613,153.7090696,-47.1549358,2
45,GJ 1214,3101.0,0.182,0.2162,0.24,14.6427,258.8313991,4.9606795,1
46,GJ 143,4640.0,0.73,0.695,0.003,16.32,51.7501882,-63.500166,2
47,GJ 3090,3556.0,0.519,0.516,-0.06,22.4751,20.4384281,-46.7147234,1
48,GJ 3470,3600.0,0.539,0.547,0.2,29.4214,119.7735021,15.391209,1
49,GJ 3473,3347.0,0.36,0.364,0.11,27.3644,120.5936065,3.3371629,2
50,GJ 367,3522.0,0.455,0.458,-0.01,9.41263,146.121464,-45.7790165,3
51,GJ 3929,3384.0,0.313,0.32,-0.02,15.8095,239.5775678,35.4081141,2
52,GJ 414 A,4120.0,0.65,0.68,0.24,11.8893,167.7745044,30.4451688,2
53,GJ 486,3317.0,0.312,0.3243,-0.15,8.07426,191.981531,9.7494181,1
54,GJ 806,3600.0,0.413,0.4144,-0.28,12.0445,311.2697002,44.5002351,2
55,GJ 9827,4236.0,0.62,0.58,-0.29,29.661,351.7717763,-1.2853435,3
56,GPX-1,7000.0,1.68,1.56,0.35,655.013,38.3691648,56.025708,1
57,GQ Lup,,0.7,,,151.169,237.3003643,-35.6515055,1
58,GU Psc,,0.325,,0.1,47.5501,18.146485,17.0650029,1
59,Gaia-1,5470.0,0.949,0.952,,363.66,90.6436658,-0.5771099,1
60,Gaia-2,5720.0,1.0,1.064,,209.229,110.7353308,67.2526565,1
61,Gliese 12,3296.0,0.2414,0.2617,-0.32,12.21,3.9579137,13.5576175,1
62,HAT-P-1,5980.0,1.151,1.174,0.13,158.979,344.4453632,38.674919,1
63,HAT-P-12,4650.0,0.733,0.701,-0.29,142.751,209.3886452,43.49331,1
64,HAT-P-16,6158.0,1.218,1.237,0.17,226.637,9.5730343,42.4630961,1
65,HAT-P-18,4803.0,0.77,0.749,0.1,161.4,256.346376,33.0123251,1
66,HAT-P-19,4962.0,0.807,0.773,0.166,202.078,9.5165832,34.7114025,1
67,HAT-P-20,4595.0,0.756,0.694,0.35,71.0374,111.9164295,24.3361185,1
68,HAT-P-23,5905.0,1.13,1.203,0.15,364.813,306.1239076,16.7621462,1
69,HAT-P-25,5519.0,1.012,0.919,0.294,300.384,48.4354731,25.1973548,1
70,HAT-P-27,5316.0,0.916,0.864673,0.3,199.173,222.7673221,5.9473626,1
71,HAT-P-28,5680.0,1.025,1.103,0.12,401.319,13.0009159,34.728402,1
72,HAT-P-32,6001.0,1.132,1.367,-0.16,289.205,31.0427614,46.6878512,1
73,HAT-P-34,6442.0,1.392,1.53,0.22,249.325,303.1954355,18.1047776,1
74,HAT-P-35,6096.0,1.236,1.435,0.11,506.965,123.250703,4.7870288,1
75,HAT-P-36,5620.0,1.03,1.041,,294.419,188.2662048,44.9153672,1
76,HAT-P-37,5500.0,0.929,0.877,0.03,390.594,284.2960393,51.2691212,1
77,HAT-P-38,5330.0,0.886,0.923,0.06,255.206,35.3834942,32.2460441,1
78,HAT-P-39,6430.0,1.404,1.625,0.19,697.004,113.7582526,17.8300283,1
79,HAT-P-4,5860.0,1.248,1.596,,320.451,229.99122,36.229545,1
80,HAT-P-42,5743.0,1.178,1.53,0.27,405.238,135.3443583,6.0970828,1
81,HAT-P-44,5295.0,0.942,0.949,0.33,347.85,213.1438604,47.0147826,2
82,HAT-P-45,6330.0,1.259,1.319,0.07,298.64,274.3732697,-3.3810594,1
83,HAT-P-46,6120.0,1.284,1.396,0.3,290.736,270.4441831,-2.97098,1
84,HAT-P-50,6280.0,1.273,1.698,-0.18,515.458,118.0634379,12.1393474,1
85,HAT-P-51,5453.0,0.961,0.995,0.302,440.089,21.0651251,32.8107,1
86,HAT-P-52,5131.0,0.887,0.893,0.28,361.155,42.7217412,29.0222492,1
87,HAT-P-53,5956.0,1.093,1.209,0.0,666.802,21.8711012,38.9681137,1
88,HAT-P-54,4390.0,0.645,0.617,-0.127,143.651,99.8979924,25.4824005,1
89,HAT-P-55,5804.0,1.028,1.105,0.003,511.388,264.2735096,25.7311468,1
90,HAT-P-58,6078.0,1.031,1.53,-0.224,515.59,68.8465093,56.8682691,1
91,HAT-P-59,5678.0,1.008,1.1038,0.217,265.471,292.4588212,62.5291892,1
92,HAT-P-60,6212.0,1.435,2.197,0.037,233.22,28.2825719,52.0539209,1
93,HAT-P-61,5587.0,1.004,0.938,0.194,338.84,75.4801665,50.1311784,1
94,HAT-P-62,5629.0,1.023,1.17,0.414,348.815,74.5043816,48.3008551,1
95,HAT-P-63,5400.0,0.925,0.9661,0.251,403.458,269.5720695,5.7613709,1
96,HAT-P-64,6457.0,1.298,1.735,-0.113,651.897,68.9743955,2.4312732,1
97,HAT-P-65,5872.0,1.297,1.666,0.208,738.519,315.9054895,11.9893675,1
98,HAT-P-66,6002.0,1.255,1.881,0.035,935.456,150.5726262,53.9508237,1
99,HAT-P-67,6406.0,1.642,2.546,-0.08,371.686,256.6107279,44.7768849,1
100,HAT-P-68,4508.0,0.6785,0.6701,-0.059,202.152,118.4831501,23.9382192,1
101,HAT-P-69,7394.0,1.648,1.926,-0.069,341.263,130.5056385,3.7105662,1
102,HAT-P-70,8450.0,1.89,1.858,-0.059,330.739,74.5523332,9.9979794,1
103,HAT-P-9,6350.0,1.281,1.338,0.12,455.203,110.1685157,37.1405946,1
104,HATS-1,5870.0,0.986,1.038,-0.06,283.971,175.5252399,-23.3548451,1
105,HATS-10,5880.0,1.101,1.105,0.15,534.889,294.3068385,-22.2044872,1
106,HATS-13,5523.0,0.962,0.887,0.05,421.855,316.9614798,-26.0967205,1
107,HATS-14,5346.0,0.967,0.933,0.33,513.011,313.2154754,-25.6873756,1
108,HATS-15,5311.0,0.871,0.922,0.0,1139.55,311.0920041,-19.4375266,1
109,HATS-16,5738.0,0.97,1.238,-0.1,757.044,358.5588439,-30.0130385,1
110,HATS-17,5846.0,1.131,1.091,0.3,400.331,192.1895676,-47.6136789,1
111,HATS-18,5600.0,1.037,1.02,,624.368,173.9574203,-29.1560639,1
112,HATS-2,,0.904,0.876,,341.925,176.7388264,-22.5630097,1
113,HATS-22,4803.0,0.759,0.689,0.0,229.518,174.0098693,-29.5433642,1
114,HATS-23,5780.0,1.121,1.199,0.28,639.004,286.36675,-50.0673496,1
115,HATS-24,6125.0,1.07,1.12,-0.229,494.182,268.8907069,-61.7474,1
116,HATS-25,5715.0,0.994,1.107,0.02,471.158,207.9076746,-23.7812403,1
117,HATS-26,6071.0,1.299,2.04,-0.02,861.843,144.9268593,-28.5856004,1
118,HATS-27,6438.0,1.415,1.74,0.09,816.988,193.5524603,-46.5877159,1
119,HATS-28,5498.0,0.929,0.922,0.01,535.383,284.3997616,-49.1385126,1
120,HATS-29,5670.0,1.032,1.073,0.16,353.891,285.0965172,-54.8933408,1
121,HATS-3,6351.0,1.209,1.404,-0.157,411.211,312.4574879,-24.4286938,1
122,HATS-30,5943.0,1.093,1.061,0.06,342.14,5.618525,-59.9425892,1
123,HATS-31,6050.0,1.275,1.87,0.0,773.974,191.7028214,-24.4273897,1
124,HATS-32,5700.0,1.099,1.097,0.39,745.116,346.0750861,-21.2720168,1
125,HATS-33,5659.0,1.062,1.022,0.29,248.46,294.6336944,-55.3302692,1
126,HATS-34,5380.0,0.955,0.98,0.25,508.842,0.7744866,-62.4693167,1
127,HATS-35,6300.0,1.317,1.433,0.21,514.555,296.688442,-63.5656488,1
128,HATS-37 A,5326.0,0.843,0.877,0.051,211.896,199.80183,-22.9868431,1
129,HATS-38,5732.0,0.89,1.105,-0.102,343.525,154.2710615,-25.2762982,1
130,HATS-39,6572.0,1.379,1.621,0.0,878.521,112.4192251,-29.9379163,1
131,HATS-4,5403.0,1.001,0.925,0.43,416.459,94.1120914,-22.5468824,1
132,HATS-40,6460.0,1.561,2.26,0.01,1342.29,100.5712467,-29.77678,1
133,HATS-41,6424.0,1.496,1.71,0.47,737.668,103.5173558,-27.0504156,1
134,HATS-42,6060.0,1.273,1.48,0.22,800.377,108.4523991,-33.4373462,1
135,HATS-43,5099.0,0.837,0.812,0.05,362.273,80.5382418,-30.9708179,1
136,HATS-44,5080.0,0.86,0.847,0.32,446.035,84.3267559,-27.9725758,1
137,HATS-45,6450.0,1.272,1.315,0.02,772.11,101.9942455,-21.9107112,1
138,HATS-46,5495.0,0.917,0.853,-0.06,453.808,6.7026401,-56.3161021,1
139,HATS-47,4512.0,0.674,0.6564,-0.113,300.67,287.4844021,-49.6649424,1
140,HATS-48 A,4546.0,0.7279,0.7152,0.186,263.609,288.6720048,-59.5793505,1
141,HATS-49,4405.0,0.7133,0.6977,0.208,324.413,6.6135927,-56.3442798,1
142,HATS-5,5304.0,0.936,0.871,0.19,246.384,67.2228465,-21.4820568,1
143,HATS-50,5990.0,1.168,1.117,,756.742,300.4280761,-26.077564,1
144,HATS-51,5758.0,1.187,1.44,,389.57,102.8474248,-29.0586551,1
145,HATS-52,6010.0,1.111,1.046,,555.134,140.0875894,-31.2692116,1
146,HATS-53,5644.0,0.964,1.101,,585.77,176.628323,-33.8600764,1
147,HATS-54,5621.0,1.05,1.23,0.37,748.585,200.6348641,-44.6888393,1
148,HATS-55,6214.0,1.1955,1.126,0.108,609.838,114.2833819,-32.7554188,1
149,HATS-56,6536.0,1.573,2.201,0.19,564.409,180.165072,-45.7994559,1
150,HATS-57,5587.0,1.026,0.96,0.268,279.485,60.9482779,-19.0568182,1
151,HATS-58 A,7175.0,1.461,1.433,,403.591,186.7873036,-48.9784105,1
152,HATS-59,5670.0,1.038,1.036,0.18,642.884,170.324325,-22.388177,2
153,HATS-6,3724.0,0.574,0.57,0.2,169.318,88.1468079,-19.0316268,1
154,HATS-60,5688.0,1.097,1.46,0.335,486.474,341.3640336,-14.9917747,1
155,HATS-61,5542.0,1.076,1.664,0.247,679.761,61.6578005,-25.3496674,1
156,HATS-62,5416.0,0.896,0.933,0.133,523.067,312.4493079,-24.303506,1
157,HATS-63,5627.0,0.931,1.07,0.081,623.232,67.418582,-28.1972149,1
158,HATS-64,6554.0,1.564,2.113,0.22,1080.15,144.2876092,-29.800444,1
159,HATS-65,6277.0,1.257,1.31,0.199,493.32,292.9397825,-26.7402021,1
160,HATS-66,6626.0,1.411,1.841,-0.017,1477.98,101.3948048,-33.8816918,1
161,HATS-67,6594.0,1.435,1.441,0.332,960.109,180.2087883,-46.1364201,1
162,HATS-68,6147.0,1.351,1.748,0.21,603.955,15.006077,-58.9047242,1
163,HATS-69,5137.0,0.892,0.8785,0.377,414.537,289.2974275,-60.8917599,1
164,HATS-7,4985.0,0.849,0.815,0.25,240.707,208.8567465,-21.2078587,1
165,HATS-70,7930.0,1.78,1.881,0.041,1458.83,109.1045212,-31.2443947,1
166,HATS-71,3405.0,0.4861,0.4783,0.17,140.225,15.5518893,-61.7561333,1
167,HATS-72,4656.1,0.7311,0.7214,0.099,127.589,339.0258401,-17.0003046,1
168,HATS-74 A,3776.9,0.601,0.5758,0.514,299.389,171.0147921,-19.5569588,1
169,HATS-75,3790.4,0.6017,0.5848,0.522,194.964,60.9493919,-25.4089214,1
170,HATS-76,4016.0,0.662,0.6259,0.322,385.689,70.3397665,-32.3204175,1
171,HATS-77,4071.0,0.655,0.6428,0.253,436.176,149.8236672,-27.3928174,1
172,HATS-8,5679.0,1.056,1.086,0.21,794.637,294.9416887,-25.7483655,1
173,HD 106315,6327.0,1.091,1.296,-0.311,109.353,183.4724742,-0.3934357,2
174,HD 110067,5266.0,0.798,0.788,-0.2,32.1585,189.8392243,20.0273377,6
175,HD 110113,5732.0,0.997,0.968,0.14,106.307,190.0365636,-44.3120777,2
176,HD 114082,6651.0,1.47,1.49,0.0,95.3906,197.3171237,-60.3084347,1
177,HD 118203,5742.0,1.27,2.04,0.287,92.2589,203.509956,53.7281876,2
178,HD 135344 A,9540.0,,1.5,0.05,141.595,228.9538416,-37.1489176,1
179,HD 136352,5664.0,0.87,1.058,-0.24,14.682,230.4401147,-48.3188174,3
180,HD 137496,5799.0,1.04,1.59,-0.03,155.317,231.7420543,-16.5090014,2
181,HD 1397,5521.0,1.324,2.336,0.29,79.5702,4.4471631,-66.3589285,1
182,HD 152843,6310.0,1.15,1.43,-0.16,107.898,253.7848853,20.491524,2
183,HD 17156,6046.0,1.285,1.517,0.208,78.0863,42.4366123,71.7530882,1
184,HD 183579,5784.0,0.996,0.96,-0.038,57.2651,293.2866147,-54.5327284,1
185,HD 18599,5145.0,0.863,0.767,0.0,38.5653,44.2620144,-56.1918694,1
186,HD 191939,5348.0,0.81,0.94,-0.15,53.6089,302.0256247,66.8503014,6
187,HD 202772 A,6272.0,1.72,2.591,0.3,161.498,319.6995877,-26.6163743,1
188,HD 203030,,,,,39.2503,319.7432238,26.2305846,1
189,HD 20329,5596.0,0.9,1.13,-0.07,63.6796,49.178124,15.6563542,1
190,HD 206893,,1.32,,,40.7583,326.3416874,-12.7833522,2
191,HD 207496,4819.0,0.8,0.769,0.095,23.606,328.7181708,-77.3388025,1
192,HD 207897,5106.0,0.8208,0.7827,-0.03,28.2938,325.2016451,84.3337613,1
193,HD 213885,5978.0,1.068,1.1011,-0.04,48.0883,338.9837166,-59.864829,2
194,HD 21520,5871.0,1.09,1.044,0.049,79.208,51.6403449,-43.6136649,1
195,HD 219134,4699.0,0.81,0.778,0.11,6.53127,348.3372026,57.1696255,6
196,HD 219666,5540.0,1.02,1.059,,94.1719,349.5592665,-56.9039857,1
197,HD 221416,5080.0,1.212,2.943,-0.08,95.5483,353.0331863,-21.8012007,1
198,HD 224018,5784.0,1.013,1.147,0.05,105.48,358.6390056,-4.7233362,3
199,HD 22946,6169.0,1.098,1.117,-0.08,62.7792,54.819538,-42.7630276,3
200,HD 23472,4684.0,0.67,0.71,-0.2,39.0341,55.4590314,-62.7672667,5
201,HD 235088,5075.0,0.849,0.772,-0.02,41.1706,300.6154535,53.3774418,1
202,HD 25463,6353.0,1.251,1.4182,-0.018,45.6181,60.7483361,9.2077676,2
203,HD 260655,3803.0,0.439,0.439,-0.43,10.0055,99.2915429,17.5662696,2
204,HD 2685,6801.0,1.43,1.56,0.02,196.852,7.3289156,-76.304032,1
205,HD 28109,6120.0,1.26,1.446,0.0,139.611,65.2383065,-68.1026875,3
206,HD 307842,5558.0,0.91,0.907,-0.13,64.5997,159.3412205,-63.6556923,1
207,HD 3167,5261.0,0.837,0.88,0.04,47.2899,8.7401487,4.3807215,4
208,HD 332231,6128.0,1.1642,1.266,0.043,80.6665,306.741134,33.7443882,1
209,HD 35843,5666.0,0.94,0.897,-0.27,69.6026,81.3488924,-44.4312849,2
210,HD 42813,5289.0,0.901,0.98,0.24,68.192,93.0578446,-14.6493167,3
211,HD 5278,6203.0,1.126,1.194,-0.12,57.5846,12.5467785,-83.7437671,2
212,HD 6061,5934.0,1.0269,1.0072,-0.05,67.6203,15.5981441,37.1854394,1
213,HD 63433,5553.0,0.956,0.934,-0.07,22.4035,117.4793699,27.3631342,3
214,HD 63935,5513.0,0.9406,0.9598,0.107,48.9739,117.9246417,9.3852412,2
215,HD 73344,6252.6,1.2,1.22,0.143,35.26,129.6894456,23.6852651,3
216,HD 73583,4511.0,0.73,0.65,0.0,31.5666,129.6883026,-13.2565267,2
217,HD 77946,6007.0,1.1973,1.3174,0.215,99.451,136.777644,46.6724251,1
218,HD 80653,5959.0,1.18,1.22,0.255,109.86,140.3390845,14.3678691,2
219,HD 86226,5863.0,1.019,1.053,0.018,45.683,149.1235154,-24.0991859,2
220,HD 88986,5861.0,1.25,1.543,0.06,33.2673,154.1166869,28.6820708,1
221,HD 89345,5576.0,1.157,1.747,0.421,132.345,154.6710977,10.1288464,1
222,HD 93963 A,5908.0,1.0844,1.0311,0.11,82.3432,162.7766969,25.641065,2
223,HD 95338,5212.0,0.83,0.87,0.04,36.9941,164.8563364,-56.6235564,1
224,HD 97658,5212.0,0.85,0.728,-0.23,21.5618,168.6376584,25.7105962,1
225,HIP 116454,5048.0,0.8,0.758,0.0,62.4491,353.9543517,0.4447043,1
226,HIP 41378,6320.0,1.16,1.273,-0.1,106.289,126.6158279,10.0803708,6
227,HIP 65 A,4590.0,0.781,0.7242,0.18,61.7856,0.1856063,-54.8308228,1
228,HIP 65426,8840.0,1.96,1.77,,108.875,201.1501727,-51.5045384,1
229,HIP 8152,5618.0,0.9373,0.9603,0.007,101.694,26.2092533,-18.4013844,2
230,HIP 94235,5991.0,1.094,1.08,0.0,58.5146,287.7411441,-60.2726358,1
231,HIP 9618,5649.0,0.942,0.9593,-0.018,67.5478,30.9050061,21.2813274,2
232,HIP 97166,5216.0,0.9342,0.8418,0.248,65.9501,296.2446203,74.0628577,2
233,HR 858,6354.0,1.204,1.258,0.025,31.964,42.9849779,-30.8140609,3
234,HR 8799,7400.0,,,-0.5,41.2441,346.8701486,21.1340376,4
235,K2-10,5533.0,0.88,0.956,-0.07,272.36,172.1216476,1.6906217,1
236,K2-100,5945.0,1.15,1.24,0.22,188.959,129.6010863,20.1060074,1
237,K2-105,5373.0,0.94,0.905,0.22,197.989,125.4202985,13.4975122,1
238,K2-110,5010.0,0.738,0.713,-0.34,116.474,207.3497402,-12.2849182,1
239,K2-111,5775.0,0.84,1.25,-0.46,200.394,59.8903081,21.2985263,2
240,K2-114,4899.0,0.863,0.832,0.42,475.758,127.882912,11.922255,1
241,K2-115,5870.0,0.918,0.855,-0.198,413.591,126.5535002,12.281851,1
242,K2-12,5672.0,0.965,1.117,0.0,326.381,173.1919022,2.2446794,1
243,K2-121,4526.0,0.71,0.675,0.04,169.398,126.9366624,17.5793267,1
244,K2-131,5120.0,0.803,0.7595,-0.04,152.509,182.751404,-9.7652392,1
245,K2-136,4500.0,0.742,0.677,-0.02,59.2474,67.4128615,22.8825674,3
246,K2-138,5356.3,0.935,0.863,0.14,202.585,348.9490311,-10.8497391,6
247,K2-140,5585.0,0.96,1.06,0.1,347.917,188.1373172,-9.6076115,1
248,K2-141,4570.0,0.708,0.681,0.0,61.8736,350.9170464,-1.1891827,2
249,K2-157,5334.0,0.89,0.86,0.02,298.373,183.7514959,-5.7820178,3
250,K2-18,3457.0,0.359,0.411,0.12,38.0266,172.560141,7.5878315,2
251,K2-180,5365.0,0.735,0.719,-0.578,203.896,126.4643579,10.246577,1
252,K2-182,5128.0,0.823,0.789,0.022,154.83,130.180046,10.9829509,1
253,K2-199,4491.0,0.711,0.682,-0.01,107.518,208.9014508,-6.1360833,2
254,K2-216,4503.0,0.7,0.72,0.0,115.461,11.4802354,6.3470302,1
255,K2-222,5942.0,0.989,1.115,-0.315,101.321,16.4625203,11.7537171,1
256,K2-232,6154.0,1.188,1.161,0.1,130.72,73.7667927,18.654323,1
257,K2-233,4796.0,0.79,0.71,-0.082,67.5062,230.4799011,-20.2317975,3
258,K2-237,6180.0,1.256,1.236,0.337,314.995,253.7688479,-28.7105836,1
259,K2-238,5630.0,1.19,1.59,0.34,537.963,347.7043164,-7.8575592,1
260,K2-25,3207.0,0.2634,0.2932,0.15,44.9565,63.2739346,15.2477027,1
261,K2-260,6860.0,1.637,1.755,0.334,663.834,76.8673317,16.8676948,1
262,K2-261,5490.0,1.107,1.663,0.372,213.283,163.0323119,0.493167,1
263,K2-263,5368.0,0.88,0.85,-0.08,162.481,129.6821253,15.6806039,1
264,K2-265,5420.0,0.901,0.92,0.033,138.671,342.0316493,-14.4947789,1
265,K2-266,4285.0,0.686,0.703,-0.12,77.5586,157.9356855,0.9372782,4
266,K2-27,5246.0,0.88,0.876,0.12,249.645,171.5151874,1.2306237,1
267,K2-280,5500.0,1.03,1.28,0.33,391.537,291.5953596,-22.2477071,1
268,K2-285,4975.0,0.83,0.787,0.0,154.961,349.3843458,1.3001522,4
269,K2-287,5695.0,1.056,1.07,0.2,158.335,233.0743401,-22.3583447,1
270,K2-29,5358.0,0.94,0.86,0.16,178.475,62.670422,24.4016558,1
271,K2-290,6302.0,1.194,1.511,-0.06,272.909,234.8578846,-20.1988975,2
272,K2-291,5520.0,0.934,0.899,0.08,90.0562,76.44594,21.548199,1
273,K2-292,5725.0,1.0,1.09,0.07,114.293,205.3758786,-9.9460704,1
274,K2-295,4444.0,0.74,0.7,0.14,232.801,19.6101417,6.8167277,1
275,K2-3,3844.0,0.549,0.546,-0.157,44.0727,172.3353708,-1.4551364,3
276,K2-30,5425.0,0.9,0.844,-0.15,333.042,52.3420548,22.2993491,1
277,K2-31,5280.0,0.91,0.78,0.08,110.527,245.4405531,-23.548273,1
278,K2-32,5271.0,0.83,0.86,-0.06,157.682,252.426008,-19.5430504,4
279,K2-329,5282.0,0.901,0.822,0.098,233.237,351.1353785,-5.1641451,1
280,K2-36,4916.0,0.79,0.718,,109.749,169.4490102,3.8665038,2
281,K2-37,5352.0,0.84,0.809,-0.08,179.943,243.4509662,-24.7870527,3
282,K2-38,5731.0,1.03,1.06,0.26,192.69,240.0333095,-23.1894196,2
283,K2-415,3173.0,0.1635,0.1965,-0.13,21.8182,137.2015437,11.8622503,1
284,K2-416,3746.0,0.548,0.554,,120.311,349.2211822,-5.2015032,1
285,K2-417,3861.0,0.569,0.5776,,94.0424,350.1417675,-10.0365901,1
286,K2-419 A,3711.0,0.562,0.541,-0.11,268.685,135.0194934,13.2737056,1
287,K2-55,4300.0,0.688,0.715,0.376,159.522,333.7518786,-17.2508002,1
288,K2-60,5500.0,0.97,1.12,0.01,491.87,338.6062312,-13.7318044,1
289,K2-66,5887.0,1.11,1.67,-0.047,513.877,331.5266563,-10.7115362,1
290,K2-73,5867.0,1.02,1.058,0.04,269.183,335.025662,-9.0560881,2
291,K2-79,5897.0,1.066,1.265,0.035,256.011,55.2559307,13.5191871,1
292,K2-85,4232.0,0.7,0.71,0.14,97.2179,59.464829,18.4649505,1
293,K2-97,4673.0,1.17,4.14,0.328,878.43,127.762837,10.8475571,1
294,K2-98,6260.0,1.246,1.518,-0.044,518.625,126.4882114,11.5110933,1
295,K2-99,6069.0,1.44,2.55,0.2,519.229,208.7737624,-5.4424943,2
296,KELT-1,6516.0,1.335,1.471,0.052,268.43,0.3620995,39.3837953,1
297,KELT-10,5948.0,1.112,1.209,0.09,188.404,284.5483823,-47.0033072,1
298,KELT-11,5375.0,1.44,2.69,0.17,99.1596,161.7069053,-9.3993646,1
299,KELT-12,6279.0,1.591,2.37,0.19,368.03,267.6404906,36.5701761,1
300,KELT-14,5720.0,1.239,1.52,0.32,250.121,108.301409,-42.4097623,1
301,KELT-16,6236.0,1.211,1.36,-0.002,444.586,314.2685227,31.6610186,1
302,KELT-17,7454.0,1.635,1.645,-0.018,226.5,125.617407,13.7353093,1
303,KELT-18,6670.0,1.524,1.908,0.09,321.376,216.5238248,59.4442735,1
304,KELT-19 A,7500.0,1.62,1.83,-0.12,300.276,111.5095293,7.6157759,1
305,KELT-20,8720.0,1.76,1.565,-0.29,136.426,294.6614126,31.2192001,1
306,KELT-21,7598.0,1.458,1.638,-0.405,470.878,304.8000322,32.5810446,1
307,KELT-23 A,5899.0,0.944,0.996,-0.105,126.261,232.1466406,66.3587097,1
308,KELT-24,6426.0,1.268,1.338,0.138,96.5173,161.9090273,71.655727,1
309,KELT-4 A,6206.0,1.201,1.603,-0.116,218.05,157.06262,25.5731366,1
310,KELT-9,10170.0,2.52,2.362,-0.03,204.455,307.8598998,39.9389161,1
311,KOI-1257,5520.0,0.99,1.13,0.27,,291.2250888,44.9272918,1
312,KOI-13,7650.0,1.72,1.74,0.2,519.096,286.9713876,46.8682463,1
313,KOI-134,6160.0,1.407,1.667,0.427,1159.21,295.586598,45.3649371,2
314,KOI-2513,5900.0,0.91,1.2,-0.37,1369.87,293.6688776,46.3792321,1
315,KOI-3503,6001.0,0.858,1.255,,887.064,293.1507654,41.7291532,2
316,KOI-3680,5830.0,1.01,0.96,0.16,921.986,293.2815266,45.3096572,1
317,KOI-4777,3515.0,0.41,0.4,0.1,172.245,287.2621474,42.0322257,1
318,KOI-55,27730.0,0.496,0.203,,1231.02,296.3561853,41.0927315,2
319,KOI-94,6182.0,1.277,1.52,0.0228,477.052,297.3330716,41.8911186,4
320,KPS-1,5165.0,0.892,0.907,0.22,262.706,165.167198,64.9638452,1
321,Kepler-10,5708.0,0.91,1.065,-0.15,185.506,285.679298,50.2414842,3
322,Kepler-101,5667.0,1.17,1.56,0.33,927.981,283.255507,48.3552474,2
323,Kepler-102,4909.0,0.803,0.724,0.11,107.796,281.4824731,47.2078263,5
324,Kepler-103,6047.0,1.212,1.492,0.15,494.832,288.9845512,40.0644857,2
325,Kepler-107,5854.0,1.238,1.447,0.321,525.997,297.028162,48.2086019,4
326,Kepler-109,5950.0,1.094,1.387,-0.02,474.861,290.3926795,40.2849074,2
327,Kepler-11,5663.0,0.961,1.065,,646.346,297.1150949,41.9091092,6
328,Kepler-111,5914.0,1.118,1.145,0.237,657.223,291.653163,44.6882613,2
329,Kepler-117,6150.0,1.129,1.606,-0.04,1455.57,288.7930651,48.040176,2
330,Kepler-12,5947.0,1.166,1.483,0.07,881.386,286.2434458,50.0403671,1
331,Kepler-129,5770.0,1.178,1.653,0.29,408.845,285.3111845,47.8484775,3
332,Kepler-138,3841.0,0.535,0.535,-0.18,66.8624,290.3814122,43.2930645,4
333,Kepler-15,5515.0,1.018,0.992,0.36,739.412,296.2005506,49.1400304,1
334,Kepler-1514,6145.0,1.196,1.289,0.119,397.292,292.6274943,37.8601653,2
335,Kepler-16,4450.0,0.6897,0.6489,-0.3,75.0852,289.0758307,51.757229,1
336,Kepler-1647,6210.0,1.2207,1.7903,-0.14,1212.45,298.150057,40.6561751,1
337,Kepler-1654,5597.0,1.011,1.179,-0.088,568.117,282.1856949,44.4344617,1
338,Kepler-1655,6148.0,1.03,1.03,-0.24,213.26,286.6895986,39.2120802,1
339,Kepler-1658,6216.0,1.447,2.891,-0.18,788.238,294.3565559,38.9473424,1
340,Kepler-1661,5100.0,0.841,0.762,-0.12,410.607,285.1670927,41.9669383,1
341,Kepler-167,4884.0,0.777,0.749,0.02,341.908,292.6585253,38.3455558,4
342,Kepler-17,5781.0,1.04,1.01034,0.26,720.753,298.3952437,47.8149865,1
343,Kepler-1704,5746.0,1.132,1.697,0.196,835.455,291.2012559,51.1442437,1
344,Kepler-1708,6157.0,1.088,1.117,0.0,1666.69,296.8241065,43.6248197,1
345,Kepler-18,5345.0,0.972,1.108,0.19,433.047,298.0794448,44.746248,3
346,Kepler-1876,6104.0,1.187,1.477,0.01,259.935,299.1604859,41.1437964,1
347,Kepler-19,5541.0,0.936,0.859,-0.13,218.562,290.4209694,37.8516556,3
348,Kepler-20,5495.0,0.929,0.9164,0.07,282.563,287.6979913,42.3385782,6
349,Kepler-21,6305.0,1.408,1.902,-0.03,108.522,287.3619673,38.7141384,1
350,Kepler-22,5596.0,0.857,0.869,-0.255,194.642,289.2172051,47.8841427,1
351,Kepler-27,5400.0,0.65,0.59,0.41,1044.36,292.2367608,41.085871,3
352,Kepler-278,4965.0,1.227,2.861,0.22,443.03,290.1072124,38.7022694,2
353,Kepler-30,5498.0,0.99,0.95,0.18,914.221,285.2836483,38.9472625,3
354,Kepler-31,6340.0,1.21,1.22,-0.076,1664.64,294.0230229,45.8530535,3
355,Kepler-32,3900.0,0.58,0.53,0.0,323.847,297.8423073,46.5743595,5
356,Kepler-323,6004.0,1.015,1.12,-0.14,454.883,291.3822988,38.1274595,2
357,Kepler-324,5233.0,0.901,0.835,,501.574,286.4714473,49.6490933,4
358,Kepler-34,5913.0,1.0479,1.1618,-0.07,1800.82,296.4358022,44.6415369,1
359,Kepler-35,5606.0,0.8877,1.0284,-0.34,1819.17,294.496955,46.6896733,1
360,Kepler-37,5357.0,0.79,0.789,-0.36,63.9207,284.0592503,44.5183733,4
361,Kepler-38,5623.0,0.941,1.752,-0.11,1174.59,286.830312,42.2791434,1
362,Kepler-39,6350.0,1.29,1.4,0.1,1057.41,296.9603348,46.0342954,1
363,Kepler-391,5038.0,1.27,2.879,0.04,869.236,290.6218844,51.0573453,2
364,Kepler-4,5857.0,1.223,1.487,0.17,487.916,285.6154492,50.1357712,1
365,Kepler-40,6510.0,1.48,2.13,0.1,2305.01,296.8136883,47.5265446,1
366,Kepler-409,5421.0,0.913,0.897,0.05,68.173,293.6792058,46.8527337,1
367,Kepler-41,5750.0,1.15,1.29,0.38,1093.08,294.5132465,45.9816453,1
368,Kepler-411,,0.87,0.82,,153.676,287.6057027,49.5233937,4
369,Kepler-412,5750.0,1.167,1.287,0.27,1086.24,286.1103053,43.6809612,1
370,Kepler-413,4700.0,0.82,0.7761,-0.2,847.536,288.5106679,51.1624235,1
371,Kepler-419,6430.0,1.39,1.74,0.176,1011.36,295.4179125,51.1847629,2
372,Kepler-422,5972.0,1.15,1.24,0.23,722.795,282.6296334,46.3232807,1
373,Kepler-423,5560.0,0.85,0.95,-0.1,758.753,292.8557189,46.3911883,1
374,Kepler-424,5460.0,1.01,0.94,0.44,698.646,298.6249797,48.57745,2
375,Kepler-425,5170.0,0.93,0.86,0.24,646.647,290.3579781,40.5676965,1
376,Kepler-426,5725.0,0.91,0.92,-0.21,843.695,289.4346668,49.473455,1
377,Kepler-427,5800.0,0.96,1.35,-0.19,1017.8,288.2545808,43.7048379,1
378,Kepler-428,5150.0,0.87,0.8,0.09,686.284,290.5817432,40.5773106,1
379,Kepler-43,6041.0,1.32,1.42,0.33,1005.84,285.2408288,46.6682411,1
380,Kepler-432,4995.0,1.32,4.06,-0.07,848.023,293.2822344,48.2859173,2
381,Kepler-433,6360.0,1.46,2.26,-0.01,1878.31,297.5936232,40.9772546,1
382,Kepler-434,5977.0,1.198,1.38,0.25,1222.54,293.5863887,42.9288624,1
383,Kepler-435,6161.0,1.538,3.21,-0.18,1418.77,292.2873012,43.1972542,1
384,Kepler-44,5800.0,1.12,1.35,0.15,1188.0,300.1023512,45.7621918,1
385,Kepler-447,5493.0,1.0,1.05,0.07,268.041,285.2685283,48.5598835,1
386,Kepler-45,3820.0,0.59,0.55,0.28,381.949,292.8729292,41.0641727,1
387,Kepler-453,5527.0,0.944,0.833,0.09,442.846,283.2413322,46.3784691,1
388,Kepler-454,5687.0,1.03,1.066,0.32,230.869,287.4786474,38.2290751,3
389,Kepler-46,5155.0,0.902,0.938,0.41,777.06,289.2687388,42.6041819,3
390,Kepler-5,6297.0,1.374,1.793,0.04,899.777,299.4070341,44.0350387,1
391,Kepler-51,6018.0,1.04,0.94,,783.831,296.4797624,49.9376486,4
392,Kepler-538,5534.0,0.892,0.8717,-0.09,155.956,297.4865503,49.6233975,1
393,Kepler-539,5820.0,1.048,0.952,-0.01,307.318,299.1224639,41.8667953,2
394,Kepler-553,5191.0,0.889,0.902,0.152,728.525,298.5508922,48.3325405,2
395,Kepler-56,4840.0,1.32,4.23,0.2,912.994,293.7583002,41.871807,3
396,Kepler-6,5647.0,1.209,1.391,0.34,587.039,296.8372475,48.2399695,1
397,Kepler-62,4925.0,0.69,0.64,-0.37,300.874,283.2125621,45.3496992,5
398,Kepler-63,5576.0,0.984,0.901,0.05,194.033,289.2262876,49.5482814,1
399,Kepler-68,5847.0,1.057,1.2564,0.11,144.166,291.0323102,49.0402129,4
400,Kepler-7,5933.0,1.359,1.966,0.11,922.562,288.5814928,41.0897335,1
401,Kepler-74,6000.0,1.18,1.12,0.42,1177.55,293.0925275,41.3555095,1
402,Kepler-75,5200.0,0.91,0.89,0.3,835.356,291.1376203,36.5773443,1
403,Kepler-76,6409.0,1.2,1.32,-0.1,822.96,294.1921185,39.6189727,1
404,Kepler-77,5520.0,0.95,0.99,0.2,639.411,289.6079433,44.3454347,1
405,Kepler-78,5058.0,0.779,0.7475,-0.18,124.376,293.7419543,44.4482521,1
406,Kepler-79,6174.0,1.165,1.302,-0.0731,1020.72,300.5171067,44.3815508,4
407,Kepler-8,6213.0,1.213,1.486,-0.055,1021.87,281.2881335,42.4510975,1
408,Kepler-80,4540.0,0.73,0.678,0.04,369.451,296.1125759,39.9787451,6
409,Kepler-849,5950.0,1.259,1.822,0.145,822.134,290.8517961,48.5213243,1
410,Kepler-87,5600.0,1.1,1.82,-0.17,1232.9,297.9168433,46.9651146,2
411,Kepler-9,5774.0,1.022,0.958,0.05,628.257,285.5739904,38.4008192,3
412,Kepler-91,4550.0,1.31,6.3,0.11,1294.69,285.6729033,44.1167513,1
413,Kepler-93,5669.0,0.911,0.919,-0.18,95.9115,291.4181275,38.6723124,2
414,Kepler-968,4413.0,0.681,0.667,,290.324,285.6025889,50.1120401,3
415,L 168-9,3842.0,0.614,0.604,-0.03,25.1496,350.0285917,-60.0657292,1
416,L 98-59,3415.0,0.2923,0.3155,-0.46,10.6194,124.5328604,-68.3144658,5
417,LHS 1140,3096.0,0.1844,0.2159,-0.15,14.9861,11.248632,-15.2741085,2
418,LHS 1478,3381.0,0.236,0.246,-0.13,18.2276,44.3388743,76.5514045,1
419,LP 714-47,3950.0,0.59,0.584,0.41,52.616,64.1902212,-12.0848643,1
420,LP 791-18,2960.0,0.139,0.182,-0.09,26.4927,165.6904843,-16.4064445,3
421,LP 890-9,2850.0,0.118,0.1556,-0.028,32.4298,64.1309096,-28.3157909,2
422,LTT 1445 A,3340.0,0.257,0.271,-0.34,6.86929,45.4624781,-16.5944956,2
423,LTT 3780,3358.0,0.381,0.38,0.06,21.9814,154.6449033,-11.717801,2
424,LTT 9779,5443.0,1.02,0.949,0.27,80.4373,358.6688767,-37.6282237,1
425,Lupus-TR-3,5000.0,0.87,0.82,,773.409,232.5774696,-42.9799461,1
426,MASCARA-4,7800.0,1.75,1.79,,170.696,147.5800667,-66.1139253,1
427,NGTS-1,3916.0,0.617,0.573,0.0,218.121,82.7142134,-36.6309812,1
428,NGTS-10,4600.0,0.696,0.697,-0.02,,91.8722801,-25.5948963,1
429,NGTS-11,5050.0,0.862,0.832,0.22,190.422,23.5214497,-14.4191493,1
430,NGTS-12,5690.0,1.021,1.589,-0.03,446.442,176.2499418,-35.640563,1
431,NGTS-13,5819.0,1.3,1.788,0.25,647.595,176.2402326,-38.1397158,1
432,NGTS-14 A,5187.0,0.898,0.842,0.1,322.148,328.5174799,-38.3774193,1
433,NGTS-15,5600.0,0.995,0.954,0.15,786.485,73.3553101,-32.8003484,1
434,NGTS-16,5550.0,1.002,1.213,0.35,898.168,58.2639299,-30.8046405,1
435,NGTS-17,5650.0,1.025,1.337,0.15,1040.28,72.9005729,-34.2262128,1
436,NGTS-18,5610.0,1.003,1.392,0.15,1096.19,180.5462193,-35.5486091,1
437,NGTS-2,6478.0,1.64,1.702,-0.06,356.391,215.1227617,-31.2020698,1
438,NGTS-20,5980.0,1.47,1.78,0.15,382.898,46.2926368,-21.9336472,1
439,NGTS-21,4660.0,0.72,0.86,-0.26,592.891,311.2583112,-35.4278412,1
440,NGTS-23,6057.0,1.01,1.24,-0.26,1074.95,70.4322947,-40.0445299,1
441,NGTS-24,5820.0,1.26,1.64,0.27,683.062,168.5638892,-37.9101328,1
442,NGTS-25,5321.0,0.91,0.86,0.12,521.233,307.4182976,-39.0323568,1
443,NGTS-26,5550.0,0.96,1.16,0.2,1093.69,217.6832961,-31.7324526,1
444,NGTS-27,5700.0,1.07,1.77,0.0,942.122,206.0265266,-32.5229747,1
445,NGTS-3 A,5600.0,1.017,0.93,0.12,743.972,94.4447595,-35.706364,1
446,NGTS-30,5455.0,0.94,0.913,-0.03,238.377,173.714867,-24.6054801,1
447,NGTS-31,5710.0,0.96,1.7,0.0,497.376,80.4212533,-38.656827,1
448,NGTS-32,5680.0,1.07,1.85,-0.03,837.457,223.8576228,-18.4323191,1
449,NGTS-33,7437.0,1.6,1.47,-0.11,437.855,107.8333348,-35.8505185,1
450,NGTS-4,5143.0,0.75,0.84,-0.28,280.555,89.5988945,-30.8117992,1
451,NGTS-5,4987.0,0.661,0.739,0.12,306.779,221.0582692,5.6053735,1
452,NGTS-6,4730.0,0.767,0.754,0.11,308.262,75.795382,-30.3994612,1
453,NGTS-8,5241.0,0.89,0.98,0.24,428.976,328.9759206,-14.0684399,1
454,NGTS-9,6330.0,1.34,1.38,0.31,609.128,141.9206435,-19.3476477,1
455,OGLE-TR-10,5950.0,1.14,1.17,,1344.97,267.8677483,-29.8764758,1
456,OGLE-TR-113,4790.0,0.779,0.774,,566.459,163.1010355,-61.4468591,1
457,OGLE-TR-132,6210.0,1.305,1.32,0.37,2012.62,162.6440933,-61.9572476,1
458,OGLE-TR-182,5924.0,1.14,1.14,0.37,2501.75,167.3279228,-61.0952624,1
459,OGLE-TR-211,6325.0,1.33,1.64,0.11,1515.26,160.0598236,-62.4555353,1
460,OGLE-TR-56,6050.0,1.228,1.363,,,269.1479583,-29.5392222,1
461,OGLE2-TR-L9,6933.0,1.52,1.53,-0.05,1627.63,166.9798793,-61.1462496,1
462,PDS 70,3972.0,,,,113.064,212.0421402,-41.3980405,2
463,PH1,6407.0,1.528,1.734,0.21,1033.16,298.2150641,39.9550863,1
464,PH2,5734.0,0.966,0.949,0.017,343.863,289.7636212,51.962683,1
465,POTS-1,4400.0,0.695,0.588,-0.03,747.959,203.6087259,-66.5811639,1
466,Qatar-1,5013.0,0.838,0.803,0.171,185.615,303.3818697,65.1623313,1
467,Qatar-10,6124.0,1.156,1.254,0.016,559.068,284.4439052,69.5708373,1
468,Qatar-2,4645.0,0.743,0.776,0.02,181.374,207.6554928,-6.8040714,1
469,Qatar-3,6007.0,1.145,1.272,-0.041,735.601,359.1519716,36.2129562,1
470,Qatar-4,5215.0,0.896,0.849,0.103,329.036,4.859275,44.0275965,1
471,Qatar-5,5747.0,1.128,1.076,0.377,367.658,7.0539375,42.0613451,1
472,Qatar-6,5052.0,0.822,0.722,-0.025,100.848,222.2100773,22.1526136,1
473,Qatar-7,6387.0,1.409,1.564,0.276,705.981,358.5151344,37.0218242,1
474,Qatar-8,5738.0,1.029,1.315,0.025,281.498,157.4123405,70.5270835,1
475,Qatar-9,4309.0,0.719,0.696,0.252,213.771,160.748095,60.9641194,1
476,Ross 176,4041.0,0.577,0.569,-0.19,46.4488,305.6897438,47.3086191,1
477,TIC 139270665,5844.0,1.035,1.016,0.156,189.875,124.0338967,33.2914532,2
478,TIC 172900988 Aa,6050.0,1.2384,1.3842,0.34,250.956,128.6616644,31.5539793,1
479,TIC 237913194,5788.0,1.026,1.088,0.14,306.063,22.4458116,-60.7399096,1
480,TIC 241249530,6166.0,1.271,1.397,0.09,324.448,95.3088995,53.2950203,1
481,TIC 257060897,5993.0,1.187,1.863,0.054,505.703,227.5321527,72.7103128,1
482,TIC 279401253,5951.0,1.13,1.06,0.2,285.584,57.6572277,-15.0262251,2
483,TIC 365102760,4900.0,1.17,3.13,0.09,555.546,305.8398236,54.3943194,1
484,TIC 393818343,5756.0,1.082,1.086,0.318,93.7345,310.2917002,3.6382967,1
485,TIC 46432937,3572.0,0.563,0.5299,0.323,90.5369,83.8689794,-14.5971909,1
486,TIC 4672985,5757.0,1.01,1.15,0.14,253.385,38.4706782,-10.6573827,1
487,TOI-1052,6146.0,1.204,1.264,0.14,129.804,337.5102738,-75.6465606,2
488,TOI-1062,5328.0,0.94,0.84,0.14,82.1733,38.1209678,-78.0236828,2
489,TOI-1064,4734.0,0.748,0.726,0.05,68.0726,296.0039349,-47.5620305,2
490,TOI-1075,3875.0,0.604,0.581,-0.08,61.4592,309.9712091,-65.4496994,1
491,TOI-1107,6311.0,1.35,1.81,-0.1,281.314,155.6078632,-82.2188693,1
492,TOI-1117,5635.0,0.97,1.05,0.136,167.598,273.6020606,-66.4199742,3
493,TOI-1130,4360.0,0.745,0.697,0.11,58.2609,286.3760037,-41.4376399,2
494,TOI-1173,5350.0,0.911,0.934,0.139,132.353,197.6830975,70.7680117,1
495,TOI-1194,5394.0,0.9835,0.9608,0.348,149.667,167.8214811,69.9647749,1
496,TOI-1199,5710.0,1.23,1.45,0.44,248.427,166.8806581,61.3525723,1
497,TOI-1201,3476.0,0.512,0.508,0.05,37.8871,42.2476999,-14.5372835,1
498,TOI-1203,5737.0,0.886,1.179,-0.39,64.9943,168.2267358,-34.4069371,4
499,TOI-1221,5592.0,0.93,1.031,0.06,138.411,107.9210254,-65.5088568,1
500,TOI-1231,3553.0,0.485,0.476,0.041,27.6227,156.74726,-52.4678724,1
501,TOI-1238,4089.0,0.59,0.58,0.31,70.7145,201.3823387,68.8360678,2
502,TOI-1246,5151.0,0.87,0.86,0.17,169.422,251.1158702,70.4299917,4
503,TOI-1248,5205.0,0.9042,0.8686,0.223,168.735,259.0235918,63.1056072,1
504,TOI-1249,5497.0,1.0062,0.9785,0.297,139.49,200.5615762,66.3085331,1
505,TOI-125,5320.0,0.859,0.848,-0.02,111.059,23.5934253,-66.6763495,3
506,TOI-1259 A,4775.0,0.744,0.711,-0.5,118.106,282.1001665,79.2564761,1
507,TOI-1260,4227.0,0.679,0.672,-0.1,73.5977,157.1440712,65.8541986,3
508,TOI-1266,3563.0,0.437,0.4232,-0.109,36.0118,197.9965833,65.8336973,3
509,TOI-1268,5300.0,0.96,0.92,0.36,109.557,198.3885831,62.3053799,1
510,TOI-1269,5499.0,0.9027,0.8521,-0.049,172.138,249.6966397,64.559181,1
511,TOI-1272,5065.0,0.8772,0.7934,0.182,137.572,199.1962036,49.8610591,2
512,TOI-1273,5690.0,1.06,1.06,0.07,177.118,214.1208564,58.3902534,1
513,TOI-1278,3799.0,0.54,0.573,-0.01,75.5759,320.4784442,35.648625,1
514,TOI-1279,5457.0,0.8784,0.8426,-0.079,107.055,185.0628734,56.2014094,1
515,TOI-1288,5388.0,0.9552,0.9583,0.257,114.865,313.1670294,65.6087833,2
516,TOI-1294,5718.0,1.1578,1.5566,0.283,332.648,223.0926408,70.4765573,2
517,TOI-1295,6280.0,1.38,1.7,0.26,388.227,256.6722026,67.8715032,1
518,TOI-1296,5567.0,1.1576,1.7031,0.405,323.265,256.7706392,70.2384806,1
519,TOI-1298,5752.0,1.2187,1.4536,0.397,319.036,241.3229012,70.1900397,1
520,TOI-132,5397.0,0.97,0.9,0.16,163.678,338.3996623,-43.436872,1
521,TOI-1333,6274.0,1.464,1.925,0.119,200.492,325.0145363,48.4067674,1
522,TOI-1347,5464.0,0.913,0.83,0.04,147.476,280.3266806,70.2900536,2
523,TOI-1386,5735.0,1.0363,1.0235,0.149,146.858,334.5041029,54.3190454,2
524,TOI-1408,6117.0,1.312,1.53,0.25,139.484,313.5110469,72.5806455,2
525,TOI-1410,4635.0,0.7941,0.7558,0.328,72.7512,334.8828486,42.5603141,2
526,TOI-1411,4115.0,0.6045,0.614,0.012,32.4778,232.946047,47.0555507,1
527,TOI-1416,4884.0,0.798,0.793,0.08,55.0135,216.9234892,41.9529862,1
528,TOI-1420,5510.0,0.987,0.923,0.28,201.918,322.9418092,66.3490054,1
529,TOI-1422,5840.0,0.981,1.019,-0.09,155.141,354.240829,39.6392793,1
530,TOI-1431,7690.0,1.9,1.92,0.09,148.925,316.2036922,55.5880221,1
531,TOI-1437,6008.0,1.1,1.17,-0.4924,103.297,256.1387513,56.842549,1
532,TOI-1438,5230.0,0.876,0.82,0.03,110.513,280.9237844,74.9378327,2
533,TOI-1439,5841.0,1.2313,1.6184,0.226,230.306,241.7639371,67.8776404,1
534,TOI-1443,5224.0,0.7663,0.7511,-0.294,85.8034,297.398678,76.1391776,1
535,TOI-1444,5460.0,0.9513,0.9105,0.146,125.463,305.4749252,70.9437054,1
536,TOI-1448,3412.0,0.372,0.38,0.37,73.3345,316.324003,57.7710946,1
537,TOI-1450 A,3437.0,0.48,0.483,-0.12,22.4467,286.8540627,59.0866254,2
538,TOI-1451,5801.0,1.0022,1.0162,0.019,91.9362,186.5242821,61.2589289,1
539,TOI-1452,3185.0,0.249,0.275,-0.07,30.5212,290.1739741,73.1951082,1
540,TOI-1453,4975.0,0.715,0.72,-0.31,78.7415,258.2232705,57.1977779,2
541,TOI-1468,3376.0,0.3527,0.3714,-0.01,24.7399,16.6538724,19.2249195,2
542,TOI-1470,3709.0,0.471,0.469,0.0,51.9503,10.0891431,61.2133868,2
543,TOI-1472,5133.0,0.9154,0.8377,0.287,121.84,14.1142611,48.6375168,1
544,TOI-150,6255.0,1.351,1.526,0.28,336.267,112.965421,-73.6060358,1
545,TOI-1518,7300.0,1.79,1.95,-0.1,225.888,352.2675207,67.0348062,1
546,TOI-157,5404.0,0.948,1.167,0.24,355.683,73.7014398,-76.6806061,1
547,TOI-1601,5982.0,1.5055,2.195,0.343,336.608,38.361569,41.0134321,1
548,TOI-163,6495.0,1.4352,1.648,0.22,411.719,79.7682532,-71.8955269,1
549,TOI-1669,5497.0,0.9867,1.0561,0.274,111.276,45.9564744,83.5874273,2
550,TOI-1670,6170.0,1.21,1.316,0.09,168.067,259.0172522,72.1611806,2
551,TOI-1685,3470.0,0.466,0.462,0.01,37.6153,68.5939529,43.0370395,1
552,TOI-169,5880.0,1.147,1.288,0.24,407.84,16.7786879,-75.1989452,1
553,TOI-1694,5058.0,0.853,0.8036,0.131,124.68,97.7487104,66.3605956,2
554,TOI-1695,3690.0,0.513,0.515,0.0,45.1309,21.9217346,72.2966148,1
555,TOI-1696,3185.0,0.255,0.2775,0.336,64.9172,65.280648,48.8198312,1
556,TOI-1710,5684.0,1.0258,0.9574,0.147,81.2271,94.2838373,76.21102,1
557,TOI-172,5645.0,1.128,1.777,0.148,342.831,316.6318791,-26.6928654,1
558,TOI-1728,3980.0,0.646,0.6243,0.25,60.798,120.6116787,64.7971531,1
559,TOI-1736,5636.0,1.0373,1.4286,0.148,88.9482,43.4344615,69.101345,2
560,TOI-1742,5815.0,1.0861,1.131,0.193,72.8871,257.3288678,71.8766724,1
561,TOI-1749,3985.0,0.58,0.55,-0.26,99.5561,282.7372281,64.419466,3
562,TOI-1751,5970.0,0.9382,1.3137,-0.373,113.335,243.4888534,63.5335297,1
563,TOI-1753,5621.0,0.9483,0.9715,0.026,226.671,252.4698351,61.1735768,1
564,TOI-1759,4065.0,0.606,0.597,0.05,40.0654,326.8516615,62.7538164,1
565,TOI-1775,5284.0,0.9218,0.8288,0.162,149.234,150.1151015,39.4577506,1
566,TOI-1776,5785.0,0.9196,0.9356,-0.193,44.647,164.7772913,40.9837182,1
567,TOI-1789,5991.0,1.507,2.168,0.373,229.067,142.743406,26.5399951,1
568,TOI-1794,5631.0,0.9698,1.3162,0.035,155.791,203.3974857,49.0608433,1
569,TOI-1801,3863.0,0.556,0.547,-0.19,30.6796,175.5755995,23.0270335,1
570,TOI-1803,4687.0,0.756,0.715,0.014,119.24,178.0461054,35.1718001,2
571,TOI-1807,4914.0,0.8048,0.746,0.044,42.5775,201.2826259,38.9223671,1
572,TOI-181,4994.0,0.822,0.745,0.272,96.2338,352.1725409,-34.4914099,1
573,TOI-1811,4766.0,0.817,0.769,0.306,128.23,188.9223576,27.2143766,1
574,TOI-1820,5734.0,1.04,1.51,0.14,248.504,187.6867207,27.4520016,1
575,TOI-1823,4927.0,0.8414,0.8049,0.243,71.6456,196.2197201,63.753261,1
576,TOI-1824,5165.0,0.8801,0.8123,0.124,59.4314,197.7312286,61.7448492,1
577,TOI-1836,6380.0,1.307,1.577,-0.101,191.649,245.9079242,54.6900774,2
578,TOI-1842,6039.0,1.4643,2.032,0.332,223.465,201.9626552,9.0306437,1
579,TOI-1853,4985.0,0.837,0.808,0.11,165.105,211.4593468,16.9923703,1
580,TOI-1855,5359.0,0.987,1.041,0.399,176.833,205.3539534,17.6868719,1
581,TOI-1898,6241.0,1.2484,1.6131,-0.095,79.6682,144.5553,23.5467464,1
582,TOI-1899,3926.0,0.632,0.607,0.28,128.438,299.4268472,40.1433462,1
583,TOI-1937 A,5814.0,1.072,1.08,0.196,415.135,116.3707214,-52.3832587,1
584,TOI-199,5255.0,0.936,0.82,0.22,102.27,80.1058735,-59.8954326,2
585,TOI-1994,7700.0,1.86,2.3,-0.01,515.603,147.1745753,-51.756564,1
586,TOI-2000,5611.0,1.082,1.134,0.439,175.713,146.3970631,-66.6866307,2
587,TOI-2005,7130.0,1.59,2.02,0.0,328.475,164.031654,-43.3766967,1
588,TOI-2010,5929.0,1.112,1.079,0.168,109.19,292.1669417,53.4873694,1
589,TOI-2015,3297.0,0.3041,0.3273,-0.31,47.3444,232.1326528,27.361073,2
590,TOI-2019,5626.0,1.1832,1.7457,0.409,198.007,234.4317651,48.955206,1
591,TOI-2025,5977.0,1.199,1.459,0.15,335.985,282.7952558,82.2454143,1
592,TOI-2031 A,6490.0,1.174,1.241,-0.24,276.105,331.1178077,81.5659509,1
593,TOI-2076,5192.0,0.8557,0.796,0.02,41.9091,217.3920159,39.7903991,4
594,TOI-2088,5081.0,0.9027,0.8481,0.339,126.46,261.3748943,75.8822796,1
595,TOI-2093,4426.0,0.745,0.729,-0.08,82.7982,302.7375229,70.8696532,2
596,TOI-2095,3759.0,0.44,0.44,-0.24,41.9176,285.6365235,75.4185135,2
597,TOI-2107,5627.0,0.961,0.932,0.07,236.705,286.7965405,-58.6968348,1
598,TOI-2109,6540.0,1.453,1.698,0.068,262.041,253.1862971,16.5799153,1
599,TOI-2120,3131.0,0.211,0.245,0.39,32.1755,23.507315,65.5139877,1
600,TOI-2128,5968.0,1.0251,1.1174,-0.07,36.578,256.9817998,32.1053027,1
601,TOI-2134,4580.0,0.744,0.709,0.12,22.6202,271.9355015,39.0729269,2
602,TOI-2136,3342.0,0.34,0.34,0.03,33.3631,281.1763433,36.5631318,1
603,TOI-2141,5635.0,0.896,0.95,-0.14,77.682,258.7623456,18.3403449,3
604,TOI-2145,6200.0,1.7169,2.7505,0.285,224.731,263.7580753,40.6950428,1
605,TOI-2152,6630.0,1.516,1.612,0.282,303.006,26.3389717,77.7901231,1
606,TOI-2154,6280.0,1.233,1.396,0.011,296.46,71.0281482,84.3642652,1
607,TOI-2158,5673.0,1.12,1.41,0.47,198.473,276.8100527,20.5268868,1
608,TOI-2169 A,6270.0,1.42,1.82,0.123,351.487,279.1701117,23.2586193,1
609,TOI-2180,5695.0,1.111,1.636,0.253,116.685,277.94363,56.6506789,1
610,TOI-2193 A,5966.0,1.082,1.248,0.027,337.064,313.691232,-72.8046404,1
611,TOI-2196,5634.0,1.032,1.043,0.14,259.947,312.3400744,-70.4850723,1
612,TOI-220,5298.0,0.825,0.858,-0.217,90.7402,91.7996988,-61.9972098,1
613,TOI-2207,6101.0,1.296,1.564,0.181,373.345,307.5966925,-44.8876181,1
614,TOI-2236,6248.0,1.343,1.573,0.119,355.59,20.1660113,-86.979965,1
615,TOI-2295,5730.0,1.168,1.459,0.316,126.279,281.5761962,50.4924657,2
616,TOI-2322,4664.0,0.703,0.662,-0.12,59.861,116.9731027,-71.0019671,2
617,TOI-2328,5525.0,0.95,0.9,0.09,231.782,31.6907424,-81.247376,1
618,TOI-2338,5581.0,0.99,1.05,0.22,313.996,81.3445824,-34.6682491,1
619,TOI-2345,4687.0,0.727,0.729,-0.1,81.6541,43.884794,-34.9779745,2
620,TOI-2346,6480.0,1.271,1.38,-0.03,437.484,88.0929073,-13.3724686,1
621,TOI-2364,5306.0,0.954,0.886,0.344,219.614,89.1300265,-5.0120298,1
622,TOI-2368,5360.0,0.897,0.846,0.1,210.915,134.9576234,-48.4884929,1
623,TOI-2373,5651.0,1.041,1.102,0.3,508.686,61.6862197,-16.7557546,1
624,TOI-2374,4802.0,0.75,0.69,0.15,134.655,319.4982407,-22.0498228,1
625,TOI-2379,3707.0,0.645,0.622,0.501,211.247,358.0920465,-53.043156,1
626,TOI-238,5059.0,0.781,0.756,-0.114,80.5407,349.2310814,-18.6066463,2
627,TOI-2382,6033.0,1.26,1.417,0.249,434.92,356.3751852,-16.114124,1
628,TOI-2384,3943.0,0.635,0.6113,0.332,191.51,36.1561463,-65.0001957,1
629,TOI-2406,3100.0,0.166,0.204,-0.26,55.419,8.8060544,-3.3720833,1
630,TOI-2416,5808.0,1.118,1.236,0.32,557.733,57.3389409,-60.7871861,1
631,TOI-2420,,1.158,2.369,,435.174,14.8268138,-19.7711643,1
632,TOI-2421,5607.0,1.131,1.75,0.19,327.927,33.1540208,-35.3909182,1
633,TOI-244,3433.0,0.428,0.426,-0.39,22.0337,10.5697537,-36.7179743,1
634,TOI-2443,4375.0,0.642,0.631,-0.29,23.9258,40.1798608,1.1996757,1
635,TOI-2447,5730.0,1.034,1.006,0.18,148.987,70.9975864,-31.9066369,1
636,TOI-2449,6021.0,1.079,1.065,-0.03,156.786,67.984371,-34.4555327,1
637,TOI-2458,6005.0,1.05,1.31,-0.1,112.958,79.621529,1.253439,2
638,TOI-2485,,1.163,1.72,,397.953,205.2043217,22.9839692,1
639,TOI-2497,7360.0,1.859,2.36,0.094,285.289,90.0625878,11.8840577,1
640,TOI-2498,5905.0,1.12,1.26,0.167,275.265,95.4162204,11.2516477,1
641,TOI-251,5875.0,1.036,0.881,-0.106,99.523,353.0620655,-37.2558629,1
642,TOI-2524,5831.0,1.007,1.119,0.06,438.842,160.8868435,-1.9126984,1
643,TOI-2525,5096.0,0.849,0.785,0.14,395.398,86.8509737,-60.5213081,2
644,TOI-2529,5802.0,1.11,1.7,0.1,296.271,118.9945352,-52.3548332,1
645,TOI-2537,4870.0,0.771,0.771,0.08,184.986,54.3882661,10.0577464,2
646,TOI-2567,5611.0,1.13,1.686,0.241,504.775,288.4656683,66.3479375,1
647,TOI-257,6095.0,1.407,1.867,0.175,76.9028,47.5172608,-50.8322632,1
648,TOI-2570,5771.0,1.063,1.095,0.191,361.857,87.1880397,32.0840435,1
649,TOI-2580,6120.0,1.33,1.81,0.26,379.253,62.1992072,67.1165264,1
650,TOI-2583 A,5936.0,1.215,1.477,0.158,566.189,272.2670293,45.3368996,1
651,TOI-2587 A,5760.0,1.15,1.726,0.13,373.675,115.9317105,-1.073333,1
652,TOI-2589,5579.0,0.93,1.07,0.12,200.273,107.4881501,-37.230948,1
653,TOI-260,4026.0,0.616,0.607,-0.47,20.1852,4.7730178,-9.9661505,1
654,TOI-2641,6100.0,1.16,1.336,-0.15,344.045,171.1303716,-42.7321394,1
655,TOI-269,3514.0,0.3917,0.398,-0.29,57.0225,75.8462827,-54.1777213,1
656,TOI-270,3506.0,0.386,0.38,,22.4793,68.4160804,-51.9573937,3
657,TOI-2714,5665.0,1.07,1.25,0.3,597.873,61.4012482,-14.9267458,1
658,TOI-2796,5764.0,1.063,1.069,0.239,350.343,84.1527191,0.8962788,1
659,TOI-2803 A,6280.0,1.118,1.245,-0.105,494.818,93.1147397,-23.4924956,1
660,TOI-2818,5721.0,0.977,1.229,-0.02,312.674,119.0598183,-35.1167104,1
661,TOI-283,5213.0,0.8,0.85,-0.09,82.7013,118.5693065,-65.441482,1
662,TOI-2842,5910.0,1.135,1.265,0.233,460.995,108.0442066,-10.63934,1
663,TOI-286,5152.0,0.832,0.78,-0.05,59.2293,90.9842762,-60.6663348,2
664,TOI-2876,5271.0,0.939,0.873,0.353,225.744,110.2473528,-21.1146384,1
665,TOI-2886,6240.0,1.229,1.241,0.284,413.673,110.0076569,-10.5698414,1
666,TOI-2969,4738.0,0.71,0.7,0.08,163.996,150.0626247,-47.4452436,1
667,TOI-2977,5691.0,0.936,1.073,0.013,,143.9265177,-60.3574758,1
668,TOI-2981,5940.0,1.03,1.08,-0.11,527.789,163.487394,-25.5245988,1
669,TOI-2986,5906.0,1.122,1.458,0.095,563.149,163.7715605,-6.4784524,1
670,TOI-2989,4672.0,0.77,0.76,-0.04,195.795,171.2316754,-27.0623619,1
671,TOI-2992,6000.0,1.21,1.545,0.084,542.026,164.3165643,-32.3224375,1
672,TOI-3023,5760.0,1.12,1.668,0.085,389.916,165.3158231,-72.3567044,1
673,TOI-3071,6177.0,1.29,1.31,0.35,485.219,173.2790517,-56.5033871,1
674,TOI-3135,5890.0,1.044,0.985,0.071,221.673,207.8592276,-69.7725635,1
675,TOI-3160 A,6190.0,1.088,1.346,-0.114,567.678,224.5658555,-27.6825503,1
676,TOI-3235,3388.8,0.3939,0.3697,0.264,72.811,207.4738488,-46.0665139,1
677,TOI-3261,5068.0,0.861,0.849,0.138,300.141,47.7285242,-73.531972,1
678,TOI-329,5614.0,1.0678,1.5326,0.205,284.388,351.3210955,-15.6346313,1
679,TOI-332,5251.0,0.88,0.87,0.256,222.852,348.0589516,-44.8764852,1
680,TOI-3321,5850.0,1.041,1.549,-0.103,285.895,265.7603351,-65.0082516,1
681,TOI-3331 A,5609.0,1.016,0.952,0.148,217.193,271.3241672,-34.107171,1
682,TOI-3362,6532.0,1.445,1.83,0.017,366.987,155.9841428,-56.8431169,1
683,TOI-3364,5706.0,1.186,1.419,0.387,277.899,144.5377709,-49.3352226,1
684,TOI-3464,6370.0,1.363,1.56,0.045,597.774,234.4830357,-44.7899772,1
685,TOI-3474,6020.0,1.121,1.256,0.146,420.123,233.5033482,-47.9636597,1
686,TOI-3486,4930.0,0.837,0.788,0.283,154.715,249.4432035,-59.3051077,1
687,TOI-3493,5844.0,1.023,1.228,0.03,96.7224,205.7990331,-22.5854441,1
688,TOI-3523 A,6450.0,1.131,1.448,-0.366,645.294,304.2834581,42.9065338,1
689,TOI-3540 A,5810.0,1.081,1.228,0.176,,328.9113712,28.1794996,1
690,TOI-3568,4969.0,0.78,0.719,-0.01,197.906,322.6023682,34.7395805,1
691,TOI-3593,5550.0,1.015,0.918,0.384,226.63,331.506364,34.2116583,1
692,TOI-3629,3870.0,0.63,0.6,0.4,130.091,359.7933851,39.3142556,1
693,TOI-3682,5703.0,1.32,1.735,0.416,404.211,50.2752271,25.2972658,1
694,TOI-3688 A,5950.0,1.199,1.302,0.262,396.378,39.2823371,54.8512152,1
695,TOI-3693,5321.0,0.867,0.791,0.071,176.436,15.6543938,51.3038918,1
696,TOI-3714,3660.0,0.53,0.51,0.1,112.71,69.5523415,39.4580035,1
697,TOI-3757,3913.0,0.64,0.62,0.0,181.139,91.0036423,55.0199793,1
698,TOI-3785,3576.0,0.52,0.5,0.099,79.7634,130.9002258,63.0780768,1
699,TOI-3807,5772.0,1.181,1.468,0.278,421.745,139.1125648,69.0741284,1
700,TOI-3819,5859.0,1.242,1.538,0.273,558.141,121.8632568,29.3886446,1
701,TOI-3837,5905.0,0.89,1.2,-0.26,311.705,152.6662832,24.2731213,1
702,TOI-3856,5622.0,1.096,1.055,0.454,314.443,145.2229223,27.950158,1
703,TOI-3877,5731.0,1.16,1.445,0.269,493.77,170.4544727,33.9913822,1
704,TOI-3884,3180.0,0.298,0.302,0.04,43.1448,181.5718341,12.5070258,1
705,TOI-3894,6000.0,1.138,1.502,0.021,417.365,201.3748265,52.7681036,1
706,TOI-3912,5725.0,1.088,1.392,0.187,465.992,215.8014956,24.0765639,1
707,TOI-3919,6100.0,1.208,1.319,0.175,604.591,208.9447534,40.3918061,1
708,TOI-3976 A,5975.0,1.254,1.501,0.182,516.087,224.3560083,44.2743223,1
709,TOI-3980,5840.0,1.24,1.626,0.188,486.721,12.8419374,59.5758606,1
710,TOI-3984 A,3476.0,0.49,0.47,0.18,108.883,226.3371468,36.7869747,1
711,TOI-4010,4960.0,0.88,0.83,0.37,177.504,20.2148196,66.0722009,4
712,TOI-406,3392.0,0.408,0.41,-0.02,31.0597,49.2626428,-42.2441492,2
713,TOI-4087,6060.0,1.178,1.112,0.237,301.676,217.9257785,83.3727061,1
714,TOI-4127,6096.0,1.23,1.293,0.14,319.632,105.4045516,72.4149297,1
715,TOI-4137,6202.0,1.313,1.438,0.182,334.993,77.612879,70.391079,1
716,TOI-4145 A,5281.0,0.905,0.859,0.168,205.387,39.4297435,80.2673838,1
717,TOI-4153,6860.0,1.572,1.605,0.317,423.84,335.3934698,82.2160792,1
718,TOI-4201,3794.0,0.61,0.63,0.52,189.011,90.4747237,-13.461371,1
719,TOI-421,5291.0,0.833,0.866,-0.044,74.7969,81.8532824,-14.2767404,2
720,TOI-4214,6370.0,1.382,1.434,0.294,346.881,110.2495104,-13.9262649,1
721,TOI-431,4850.0,0.78,0.731,0.2,32.5686,83.2692502,-26.7238698,3
722,TOI-4377,4974.0,1.36,3.52,0.205,455.82,164.9324709,-82.2213501,1
723,TOI-4406,6219.0,1.19,1.29,0.1,261.834,18.0485164,-56.9253875,1
724,TOI-4438,3422.0,0.368,0.372,-0.19,30.0346,270.3172389,35.5948992,1
725,TOI-4463 A,5640.0,1.056,1.062,0.25,173.117,279.3581286,18.7299522,1
726,TOI-4465,5545.0,0.93,1.014,-0.06,121.139,276.1340312,15.8418856,1
727,TOI-4487 A,6206.0,1.378,1.634,0.216,479.145,306.4220814,45.9710306,1
728,TOI-4504,5315.0,0.89,0.92,0.16,342.605,114.4673065,-62.0782776,3
729,TOI-4515,5433.0,0.949,0.86,0.05,193.499,21.1861778,21.5130638,1
730,TOI-4551,4896.0,1.31,3.55,0.23,215.986,184.9787579,-25.8278531,1
731,TOI-4600,5170.0,0.89,0.81,0.16,216.056,258.4503674,64.5661727,2
732,TOI-4603,6264.0,1.765,2.738,0.342,225.643,83.8659288,21.2942417,1
733,TOI-4633,5800.0,1.1,1.05,,95.2016,256.8431021,62.475548,1
734,TOI-4641,6560.0,1.41,1.72,-0.09,86.3501,42.5582023,25.3335334,1
735,TOI-4734,6070.0,1.391,1.857,0.288,563.068,90.3581219,12.5478825,1
736,TOI-4773,6740.0,1.452,1.55,0.11,492.888,114.9426489,-21.4856184,1
737,TOI-4791,6058.0,1.242,1.409,0.207,328.802,109.3883818,-19.8289392,1
738,TOI-4794,6390.0,1.25,1.451,-0.102,543.008,110.4835517,-12.5654781,1
739,TOI-480,6174.0,1.2793,1.4877,0.164,54.5306,88.3784618,-16.2653974,1
740,TOI-481,5735.0,1.14,1.66,0.26,179.366,110.5126861,-57.384998,1
741,TOI-4860,3260.0,0.34,0.358,0.27,80.1423,183.563961,-13.1748411,1
742,TOI-4914,5805.0,1.03,1.0,-0.13,299.89,204.5426717,-28.1429206,1
743,TOI-4961,5380.0,0.912,0.912,0.206,213.073,192.5018624,-59.8919345,1
744,TOI-4994,5640.0,1.005,1.055,0.165,329.304,283.1325335,-78.4344302,1
745,TOI-500,4440.0,0.74,0.678,0.12,47.3924,106.559098,-47.5878156,4
746,TOI-5005,5749.0,0.97,0.93,0.15,207.891,238.108194,-48.1451,1
747,TOI-5027,5909.0,1.02,0.92,-0.15,204.429,243.8850212,-69.2170972,1
748,TOI-5076,4780.0,0.789,0.844,0.082,82.857,50.5104166,17.2392094,1
749,TOI-5108,5808.0,1.1,1.29,0.2,130.919,166.2695041,11.2464069,1
750,TOI-5110,6160.0,1.469,2.333,0.065,392.259,94.4042694,31.6103309,1
751,TOI-512,5277.0,0.74,0.89,-0.11,67.3975,96.6467023,-38.6072095,1
752,TOI-5153,6300.0,1.24,1.4,0.12,390.484,91.5403204,-19.9534443,1
753,TOI-5181 A,6060.0,1.25,1.53,0.208,480.155,280.6774738,21.6998203,1
754,TOI-519,3322.0,0.335,0.35,0.27,115.557,124.6067582,-19.6627918,1
755,TOI-5205,3430.0,0.392,0.394,0.0,86.4493,313.7706819,24.360977,1
756,TOI-5210,5723.0,1.105,1.209,0.324,302.086,314.316923,21.9502055,1
757,TOI-5218,4230.0,0.739,0.708,0.41,377.483,292.6634642,71.7629612,1
758,TOI-5232,6500.0,1.389,1.785,-0.104,609.388,294.3374248,35.2764934,1
759,TOI-5261,5790.0,1.037,1.021,0.254,377.054,305.4585453,19.4358468,1
760,TOI-5293 A,3586.0,0.54,0.52,-0.03,162.229,355.828682,-2.0450945,1
761,TOI-530,3659.0,0.53,0.54,0.376,148.762,103.4128333,12.8815784,1
762,TOI-5300,4610.0,0.67,0.65,-0.17,162.51,356.481137,0.4587978,1
763,TOI-5301,6240.0,1.483,2.19,0.03,629.161,12.9908008,13.0783712,1
764,TOI-532,3927.0,0.639,0.612,0.338,135.047,85.0800537,11.5626373,1
765,TOI-5322,5692.0,0.998,1.462,-0.048,476.899,6.5293373,14.3364283,1
766,TOI-5340,5990.0,1.35,1.842,0.208,532.629,59.3094816,22.3783373,1
767,TOI-5344,3747.0,0.612,0.588,0.425,138.367,63.2662165,20.9151568,1
768,TOI-5350,6220.0,1.167,1.263,0.044,277.419,74.4023015,21.6019759,1
769,TOI-5386 A,6094.0,1.165,1.245,0.182,394.486,226.1069193,60.5362318,1
770,TOI-5398,6000.0,1.146,1.051,0.09,130.855,161.8795569,36.3294345,2
771,TOI-544,4169.0,0.631,0.623,-0.17,41.1166,82.2900716,-0.3428983,2
772,TOI-5542,5700.0,0.89,1.058,-0.21,348.849,302.7984228,-61.1354659,1
773,TOI-5573,3790.0,0.619,0.594,0.42,186.562,136.4259999,55.3071309,1
774,TOI-558,6466.0,1.349,1.496,-0.004,402.63,42.2915093,-58.0246828,1
775,TOI-559,5925.0,1.026,1.233,-0.069,233.266,46.8186159,-31.1629951,1
776,TOI-5592,6237.0,1.194,1.393,-0.013,597.026,106.6800684,65.857249,1
777,TOI-561,,0.806,0.843,,85.799,148.1851516,6.216103,4
778,TOI-5616,3996.0,0.666,0.646,0.14,390.415,184.9016378,48.6832895,1
779,TOI-5634 A,3896.0,0.556,0.54,-0.27,306.144,175.6436366,20.9652921,1
780,TOI-564,5640.0,0.998,1.088,0.143,199.581,130.2951535,-16.0363275,1
781,TOI-5678,5485.0,0.905,0.938,0.0,165.393,47.3841872,-34.1984808,1
782,TOI-5688 A,3713.0,0.6,0.57,0.47,226.318,266.9231001,47.7050486,1
783,TOI-5720,3325.0,0.383,0.383,0.03,35.8256,170.3135774,25.2732942,1
784,TOI-5786,6235.0,1.23,1.36,0.08,192.475,293.3223259,30.7042468,1
785,TOI-5795,5715.0,0.901,1.082,-0.27,156.53,304.868782,-7.5476595,1
786,TOI-5800,4850.0,0.778,0.773,-0.04,42.9052,305.0655462,-7.4119237,1
787,TOI-5817,5770.0,0.97,1.427,-0.24,80.7542,322.3777987,21.474527,1
788,TOI-5882,5920.0,1.334,2.26,0.18,416.104,311.8886385,34.7374918,1
789,TOI-6008,3075.0,0.23,0.242,0.3,23.1008,310.4487344,49.6468992,1
790,TOI-6016,6110.0,1.31,1.51,0.28,364.715,4.5239602,59.7661983,1
791,TOI-6034,3635.0,0.514,0.489,-0.09,117.992,317.9001392,68.4020762,1
792,TOI-6038 A,6110.0,1.291,1.648,0.124,179.147,51.6572691,40.8172704,1
793,TOI-6054,6047.0,1.107,1.662,-0.07,79.407,56.337007,60.350917,2
794,TOI-6130,6110.0,1.31,1.51,0.28,220.882,339.2050832,16.8271941,1
795,TOI-615,6850.0,1.449,1.732,-0.1,360.408,133.4086892,-40.543701,1
796,TOI-622,6400.0,1.313,1.415,0.09,123.297,125.3050544,-46.4842959,1
797,TOI-628,6250.0,1.311,1.345,0.258,178.68,99.2630608,1.7675497,1
798,TOI-6303,3977.0,0.644,0.609,0.44,152.219,46.7806502,40.147174,1
799,TOI-6324,3247.0,0.269,0.293,-0.32,20.5488,330.844543,67.4986773,1
800,TOI-6330,3539.0,0.531,0.49,0.08,139.042,22.1679816,53.6860778,1
801,TOI-6383 A,3444.0,0.458,0.457,,171.319,60.4246951,60.8913677,1
802,TOI-640,6460.0,1.536,2.082,0.072,341.997,99.7345935,-36.64613,1
803,TOI-6420,6020.0,1.165,1.312,0.24,634.712,125.5443036,-19.1242852,1
804,TOI-654,3521.0,0.419,0.43,0.12,57.7553,164.7245509,-5.5475446,1
805,TOI-6628,5463.0,0.97,1.01,0.36,320.527,225.8370504,-35.2305793,1
806,TOI-663,3681.0,0.514,0.512,0.07,64.2308,160.0658525,-8.5110827,3
807,TOI-6651,5940.0,1.323,1.721,0.225,212.128,15.7885904,35.3890405,1
808,TOI-669,5597.0,0.9245,0.9882,0.001,142.867,158.9007013,-5.1813735,1
809,TOI-6695,6400.0,1.338,1.517,0.2,282.536,129.5720221,-23.550217,2
810,TOI-674,3514.0,0.42,0.42,0.17,46.0851,164.5865592,-36.8581092,1
811,TOI-677,6295.0,1.181,1.28,0.0,141.812,144.1193594,-50.4630933,1
812,TOI-6894,3007.0,0.207,0.2276,0.142,73.8131,173.4691418,12.4510906,1
813,TOI-7149,3363.0,0.344,0.351,-0.08,126.126,244.7384657,19.1758116,1
814,TOI-733,5585.0,0.956,0.949,-0.04,75.2092,159.4093183,-40.888259,1
815,TOI-756,3657.0,0.505,0.505,0.196,86.1759,192.103738,-45.4704709,2
816,TOI-757,5278.0,0.8,0.78,-0.27,60.3418,187.9948428,-35.5544523,1
817,TOI-762 A,3266.0,0.442,0.425,0.357,98.4458,166.0747423,-47.8214964,1
818,TOI-763,5450.0,0.917,0.897,0.01,95.1274,194.468098,-39.7580613,2
819,TOI-771,3370.0,0.22,0.232,-0.13,25.2788,164.1138903,-72.9851736,2
820,TOI-776,3725.0,0.542,0.547,-0.21,27.1701,178.577997,-37.5533568,2
821,TOI-778,6643.0,1.4,1.71,0.0,161.743,199.3338503,-15.2737046,1
822,TOI-782,3370.0,0.397,0.413,0.34,52.5122,183.9203614,-18.9103377,1
823,TOI-815,4869.0,0.776,0.77,-0.09,59.7117,155.8719377,-43.8349248,2
824,TOI-824,4600.0,0.71,0.695,-0.092,63.9262,222.1654705,-57.5888666,1
825,TOI-836,4552.0,0.678,0.665,-0.284,27.5024,225.0798831,-24.4542022,2
826,TOI-837,5995.0,1.142,1.052,0.01,142.488,157.0372806,-64.5052107,1
827,TOI-849,5257.0,0.97,0.97,,225.734,28.7157956,-29.4217086,1
828,TOI-858 B,5842.0,1.081,1.308,0.153,250.489,60.1998256,-54.5929177,1
829,TOI-892,6261.0,1.28,1.39,0.24,340.543,86.738228,-11.2353401,1
830,TOI-905,5570.0,0.968,0.918,0.14,158.649,227.6586754,-71.3616316,1
831,TOI-908,5626.0,0.95,1.028,0.08,175.748,53.1594266,-81.250745,1
832,TOI-954,5710.0,1.201,1.892,0.215,238.768,61.9410587,-25.2088028,1
833,TOI-969,4435.0,0.734,0.671,0.175,77.2554,115.1366858,2.0985879,2
834,TRAPPIST-1,2566.0,0.0898,0.1192,,,346.6263919,-5.0434618,7
835,TYC 8998-760-1,,1.0,,,94.6177,201.3001096,-64.9391566,2
836,TrES-3,5650.0,0.928,0.829,-0.19,231.337,268.0291106,37.5463268,1
837,TrES-5,5171.0,0.901,0.868,0.2,360.313,305.2219454,59.4489033,1
838,VHS J125601.92-125723.9,,,,,,194.008964,-12.956031,1
839,WASP-10,4675.0,0.75,0.698,0.03,140.998,348.9930457,31.4627508,1
840,WASP-102,5990.0,1.08,1.375,-0.2,535.689,336.4643016,15.8566392,1
841,WASP-103,6110.0,1.22,1.436,0.06,375.647,249.3148604,7.1833758,1
842,WASP-104,5475.0,1.076,0.963,0.32,185.932,160.6023689,7.4350768,1
843,WASP-105,5070.0,0.89,0.9,0.28,169.272,24.1678686,-50.659308,1
844,WASP-106,6002.0,1.175,1.47,-0.02,352.181,166.4296276,-5.0794854,1
845,WASP-110,5392.0,0.814,0.853,-0.15,274.96,305.8724366,-44.0587001,1
846,WASP-113,5890.0,1.318,1.608,0.1,435.156,224.8728589,46.9600996,1
847,WASP-114,5940.0,1.289,1.43,0.14,523.337,327.6656953,10.4629385,1
848,WASP-116,6250.0,1.25,1.426,0.0,559.243,35.2157609,-1.8260419,1
849,WASP-118,6410.0,1.32,1.696,0.16,376.658,19.5505861,2.7027847,1
850,WASP-119,5650.0,1.02,1.2,0.14,302.448,55.9336392,-65.19378,1
851,WASP-120,6450.0,1.393,1.87,-0.05,381.174,62.6160813,-45.8982434,1
852,WASP-121,6628.0,1.33,1.461,0.17,269.898,107.6002312,-39.0972705,1
853,WASP-123,5740.0,1.166,1.285,0.18,197.996,289.4792124,-32.8601244,1
854,WASP-124,6050.0,1.07,1.02,-0.02,448.637,332.7143373,-30.7497189,1
855,WASP-129,5900.0,1.0,0.9,0.15,301.462,176.2990518,-42.0639575,1
856,WASP-130,5625.0,1.04,0.96,0.26,172.256,203.1060194,-42.4752733,1
857,WASP-131,5990.0,1.06,1.561,-0.2,200.075,210.1935714,-30.5836084,1
858,WASP-132,4686.0,0.789,0.758,0.15,122.91,217.6091998,-46.159516,3
859,WASP-133,5700.0,1.16,1.44,0.29,559.084,314.5754375,-35.7966224,1
860,WASP-135,5675.0,0.98,0.96,0.02,298.214,267.2848846,29.8790428,1
861,WASP-136,6260.0,1.41,2.21,-0.18,275.587,0.325761,-8.9262512,1
862,WASP-138,6272.0,1.22,1.36,-0.09,414.234,41.6391598,-0.4641252,1
863,WASP-139,5310.0,0.92,0.8,0.2,212.472,49.562173,-41.3020235,1
864,WASP-140,5260.0,0.9,0.87,0.12,117.598,60.3855387,-20.4509991,1
865,WASP-141,5900.0,1.25,1.37,0.29,516.543,71.8244347,-17.1151736,1
866,WASP-142,6010.0,1.33,1.64,0.26,730.933,140.5063164,-23.946102,1
867,WASP-144,5200.0,0.81,0.81,0.18,355.513,320.7628761,-40.0484393,1
868,WASP-145 A,4900.0,0.76,0.68,-0.04,91.299,322.2537644,-58.8361466,1
869,WASP-147,5702.0,1.044,1.429,0.092,436.098,359.1915117,-22.1532316,1
870,WASP-148,5555.0,0.954,0.912,0.099,246.353,254.1305022,44.3025361,2
871,WASP-149,5750.0,1.05,1.08,0.0,211.73,124.073681,-8.6865813,1
872,WASP-150,6218.0,1.394,1.651,0.156,527.995,264.2630197,53.0212751,1
873,WASP-151,,1.081,1.181,,453.099,349.0634651,0.3066895,1
874,WASP-153,5914.0,1.336,1.73,0.34,610.176,279.2624729,40.0186905,1
875,WASP-154,4774.0,0.8,0.823,0.2,215.501,327.7191734,-8.6359458,1
876,WASP-155,5660.0,1.09,1.24,0.0,399.63,347.979723,33.0476125,1
877,WASP-156,4987.0,0.8712,0.8268,0.305,122.066,32.782085,2.4181937,1
878,WASP-158,6350.0,1.38,1.39,0.24,524.993,4.1463468,-10.9764226,1
879,WASP-159,6120.0,1.41,2.11,0.22,715.383,68.1364792,-38.9682973,1
880,WASP-160 B,5298.0,0.87,0.868,0.27,288.326,87.679561,-27.6233218,1
881,WASP-161,6400.0,1.39,1.712,0.16,343.08,126.3378248,-11.5009889,1
882,WASP-162,5300.0,0.95,1.11,0.28,310.841,168.2929079,-17.6577794,1
883,WASP-163,5500.0,0.97,1.015,-0.34,261.386,256.5375549,-10.4130071,1
884,WASP-164,5806.0,0.946,0.932,-0.01,327.506,344.8735878,-60.4478194,1
885,WASP-165,5599.0,1.248,1.75,0.33,602.236,357.5806472,-17.0775947,1
886,WASP-166,6050.0,1.19,1.22,0.19,114.173,144.8751047,-20.9824191,1
887,WASP-167,7000.0,1.59,1.79,0.1,423.552,196.0437932,-35.5495292,1
888,WASP-168,6000.0,1.08,1.12,-0.01,303.941,96.7446427,-46.8213635,1
889,WASP-169,6110.0,1.337,2.011,0.06,627.066,127.3872297,-12.9447683,1
890,WASP-170,5600.0,0.93,0.938,0.22,305.603,135.4163028,-20.7203686,1
891,WASP-171,5965.0,1.171,1.637,0.04,757.84,171.8450533,-44.0887035,1
892,WASP-172,6900.0,1.49,1.91,-0.1,538.11,199.433742,-47.2375748,1
893,WASP-173 A,5800.0,1.05,1.11,0.16,232.98,354.1686959,-34.6113042,1
894,WASP-174,6399.0,1.24,1.347,0.06,410.149,195.7940145,-41.3848617,1
895,WASP-175,6229.0,1.212,1.204,0.15,539.36,166.3187996,-34.1227453,1
896,WASP-176,5941.0,1.345,1.925,0.164,568.42,313.6872928,9.1790688,1
897,WASP-177,5017.0,0.876,0.885,0.25,176.818,334.7969885,-1.8344301,1
898,WASP-178,9360.0,2.07,1.67,0.21,427.678,227.270329,-42.7049658,1
899,WASP-18,6432.0,1.294,1.319,0.107,123.483,24.3544618,-45.6777937,2
900,WASP-180 A,6600.0,1.3,1.19,0.1,253.985,123.3922465,-1.9827874,1
901,WASP-181,5839.0,1.04,0.965,0.09,437.495,26.7932253,3.1329325,1
902,WASP-182,5638.0,1.076,1.34,0.27,327.602,311.673345,-41.8209828,1
903,WASP-183,5313.0,0.784,0.871,-0.31,325.377,163.7888521,-0.7370663,1
904,WASP-184,6000.0,1.23,1.65,0.12,663.231,209.51701,-30.348153,1
905,WASP-185,5900.0,1.12,1.5,-0.02,279.35,214.0595791,-19.5423062,1
906,WASP-186,6361.0,1.22,1.47,-0.08,278.514,18.9953122,21.6169065,1
907,WASP-187,6150.0,1.54,2.83,0.0,371.414,17.47474,25.6816494,1
908,WASP-188,6850.0,1.5,1.83,0.0,675.281,278.7819771,36.6156327,1
909,WASP-189,8000.0,2.03,2.36,0.29,99.731,225.686732,-3.0314874,1
910,WASP-19,5616.0,0.965,1.006,0.04,268.325,148.4167672,-45.6591078,1
911,WASP-190,6400.0,1.35,1.6,-0.02,542.251,7.7095292,-40.5734613,1
912,WASP-192,5910.0,1.09,1.32,0.14,508.885,223.6587187,-38.7445469,1
913,WASP-193,6080.0,1.018,1.213,-0.108,362.087,164.3491401,-29.9971229,1
914,WASP-194,6405.0,1.29,1.409,0.0,476.831,295.3877064,56.2178049,1
915,WASP-195,6300.0,1.3,1.578,0.0,484.852,247.5496427,49.895791,1
916,WASP-197,6050.0,1.36,2.112,0.0,483.675,160.6307133,28.1986255,1
917,WASP-2,5180.0,0.895,0.866,0.12,153.242,307.7255587,6.4293305,1
918,WASP-20,5940.0,1.2,1.392,-0.008,211.877,5.1605621,-23.9357894,1
919,WASP-23,5150.0,0.78,0.765,-0.05,207.49,101.1275033,-42.7622296,1
920,WASP-25,5697.0,0.962,0.884,-0.2,211.416,195.3597581,-27.5222273,1
921,WASP-28,,0.993,1.083,,348.494,353.6162694,-1.5799849,1
922,WASP-31,6302.0,1.163,1.252,-0.2,383.829,169.4388603,-19.0547781,1
923,WASP-33,7430.0,1.495,1.444,,121.944,36.7127375,37.5504441,1
924,WASP-36,5959.0,1.081,0.985,-0.26,386.346,131.5803897,-8.0269855,1
925,WASP-37,5800.0,0.925,1.003,-0.4,392.791,221.9438866,1.0650227,1
926,WASP-39,5485.0,0.913,0.939,0.01,213.982,217.3266477,-3.4444994,1
927,WASP-4,,0.899,0.912,,267.206,353.5629149,-42.0617794,1
928,WASP-42,5315.0,0.951,0.892,0.29,177.291,192.981203,-42.0736165,1
929,WASP-43,4400.0,0.58,0.6,-0.05,86.7467,154.9081869,-9.8064431,1
930,WASP-44,5420.0,0.935,0.906,-0.003,364.512,3.9032733,-11.9382645,1
931,WASP-45,5150.0,0.85,0.855,-0.03,211.196,5.2377567,-35.998465,1
932,WASP-46,5600.0,0.828,0.858,-0.3,375.31,318.7370122,-55.8718634,1
933,WASP-5,5700.0,0.96,1.029,0.09,309.137,359.3490277,-41.2772202,1
934,WASP-50,5400.0,0.892,0.843,,184.848,43.6880738,-10.8980242,1
935,WASP-52,5000.0,0.87,0.79,0.03,174.818,348.4947931,8.7610793,1
936,WASP-53,4953.0,0.839,0.798,0.22,201.338,31.9091639,-20.661843,2
937,WASP-55,6096.0,1.071,1.09,-0.03,297.462,203.7581951,-17.5034961,1
938,WASP-57,5600.0,0.886,0.927,-0.25,398.276,223.8199788,-2.0576866,1
939,WASP-59,4650.0,0.719,0.613,-0.15,115.936,349.6229547,24.889277,1
940,WASP-6,5438.0,0.854,0.79,-0.15,197.119,348.1571282,-22.6741248,1
941,WASP-64,5400.0,1.004,1.058,-0.08,369.926,101.1149223,-32.8583878,1
942,WASP-65,5600.0,0.93,1.01,-0.07,273.703,133.3242982,8.5230171,1
943,WASP-69,4792.0,0.83,0.801,0.35,49.9605,315.0259661,-5.094857,1
944,WASP-7,6400.0,1.276,1.432,0.0,162.303,311.0427558,-39.2254856,1
945,WASP-70 A,5763.0,1.106,1.215,-0.006,222.355,315.4771912,-13.4333821,1
946,WASP-75,6100.0,1.14,1.26,0.07,294.001,342.3858995,-10.6754686,1
947,WASP-76,6329.0,1.458,1.756,0.366,194.459,26.632936,2.700389,1
948,WASP-79,6600.0,1.39,1.51,0.03,246.69,66.3709016,-30.6004362,1
949,WASP-80,4143.0,0.577,0.586,-0.13,49.7876,303.1667996,-2.1444369,1
950,WASP-81,5870.0,1.08,1.283,-0.36,398.505,304.2079924,3.2939492,1
951,WASP-83,5510.0,1.11,1.05,0.29,271.103,190.1519558,-19.2843527,1
952,WASP-84,,0.853,0.768,,100.588,131.1069959,1.8598933,2
953,WASP-85 A,6112.0,1.09,0.935,,141.887,175.9080328,6.5637842,1
954,WASP-87,6450.0,1.204,1.627,,298.392,185.3246821,-52.8408163,1
955,WASP-89,5130.0,0.92,0.88,0.15,290.946,313.9000261,-18.9714084,1
956,WASP-90,6430.0,1.55,1.98,0.11,466.433,315.5319489,7.0562793,1
957,WASP-91,4920.0,0.84,0.86,0.19,149.942,357.846434,-70.1528621,1
958,WASP-92,6280.0,1.19,1.341,0.0,575.889,246.6920395,51.0411328,1
959,WASP-93,6700.0,1.334,1.524,0.07,370.284,9.4587443,51.288778,1
960,WASP-96,5540.0,1.06,1.05,0.14,352.464,1.0465696,-47.3606352,1
961,WASP-98,5473.0,0.809,0.741,-0.49,281.742,58.4290113,-34.3282716,1
962,WD 1856+534,4710.0,0.518,0.0131,,24.7359,284.415675,53.5090244,1
963,WISEP J121756.91+162640.2 A,575.0,0.029,0.091,,,184.487125,16.4445,1
964,WTS-1,6250.0,1.2,1.15,-0.5,2346.01,293.9850284,36.2962939,1
965,WTS-2,5000.0,0.82,0.752,0.2,,293.7327826,36.8154936,1
966,Wendelstein-1,4251.0,0.65,0.61,,305.3,299.0506412,17.5699627,1
967,Wendelstein-2,4591.0,0.73,0.66,,565.541,297.7909214,16.9125679,1
968,Wolf 327,3542.0,0.405,0.406,-0.17,28.5321,148.3783199,35.570548,1
969,Wolf 503,4716.0,0.688,0.689,-0.47,44.526,206.8461979,-6.1393369,1
970,XO-5,5430.0,1.04,1.13,0.05,276.211,116.7163868,39.0944695,1
971,XO-6,6720.0,1.47,1.93,-0.07,235.479,94.7929552,73.8275672,1
972,XO-7,6250.0,1.405,1.48,0.432,234.149,277.4780753,85.2333208,1
